Language,String,Marathi,Hindi,Malayalam ,Nepali,Bengali,Gujarati,Punjabi,Tamil,Odia,Telugu,Kannada,Assamese,Khasi,Urdu
Image 1,1,दावा:,दावा:,വാദം:,दावी:,দাবী:,દાવો:,ਦਾਅਵਾ:,கூற்று:,ଦାବି:,ఆరోపణ:,ದಾವೆ:,দাবী :,Ka jingkam ka bym shisha:,دعویٰ :
,2,ह्या करोनाविषाणूची निर्मीती एखाद्या प्रयोगशाळेत झाली आहे.,कोरोना विषाणु को प्रयोगशाला में बनाया गया है।,നോവൽ കൊറോണ വൈറസ്  ഒരു ലാബിൽ നിർമ്മിച്ചതാണ്.,नोबेल कोरोना भाईरस प्रयोगशालामा बनाइएको हो ।,নভেল করোনা ভাইরাস পরীক্ষাগারে তৈরি।,નવલ કોરોના વાયરસ એક લેબમાં બનાવવામાં આવ્યો હતો.,ਨਾਵਲ ਕੋਰੋਨਾਵਾਇਰਸ ਇਕ ਲੈਬ ਵਿਚ ਬਣਾਇਆ ਗਿਆ ਸੀ.,நாவல் கொரோனா வைரஸ் கோவிட் -19 செயற்கையாக ஆய்வகத்தில் உருவாக்கப்பட்டது.,"ନୋଭେଲ କରୋନା  ଭାଇରସ୍ ବୈଜ୍ଞାନିକ ପରୀକ୍ଷାଗାରରେ  ପ୍ରସ୍ତୁତ  କରାଯାଇଥିଲା ।
",ఈ కొత్త కరోనా వైరస్ ను ఒక ల్యాబ్ లో(ప్రయోగశాలలో) తయారు చేశారు.,ಹೊಸ ಕೊರೊನಾವೈರಸ್ ಅನ್ನು ಲ್ಯಾಬ್‌ನಲ್ಲಿ ಮಾಡಲಾಗಿದೆ.,নতুন কৰ’না ভাইৰাছ গবেষণাগাৰত তৈয়াৰ কৰা হৈছিল।,Їa u Novel Coronavirus la shna ha ka kamra pyrshang ne kamra wadbniah (lab).,یہ نیا کورونا وائرس ایک لیب میں بنا ہے۔
,3,निर्णय:,निर्णय:,ശാസ്ത്രീയ പ്രതികരണം: ,निर्णय :,উত্তর:,નિષ્કર્ષ:,ਜਵਾਬ:,தீர்ப்பு:,ନିର୍ଣୟ :,తీర్పు:,ತೀರ್ಪು:,উত্তৰ :,Ka jingshem:,فیصلہ:
,4,खरं नाही.,असत्य / झूठ ,ശരിയല്ല!,सत्य होइन । ,সত্য নয়।,સાચું નથી!,ਗਲਤ!,உண்மை இல்லை!,ସତ ନୁହେଁ!,ఇది నిజం కాదు!,ನಿಜವಲ್ಲ!,মিছা !,Kam dei kaba shisha!,یہ سچ نہیں ہے۔
,5,,,,,,,,,,,,,,
,6,का?:,क्यों?:,എന്തുകൊണ്ട്?,किन?,কারণ:,શા માટે:,ਕਿਉਂ:,ஏன்:,କାହିଁକି:,ఎందుకు:,ಏಕೆ:,কিয়? :,Balei?,کیوں
,7,"सर्व विषाणूंचे स्वरूप नैसर्गिकरित्या बदलत असते. संशोधकांनी हे दाखवून दिले आहे की, हा विषाणू देखील नैसर्गिकरित्याच एका दुसऱ्या करोनाविषाणूपासून उत्क्रांत झाला आहे. म्हणजेच तो मानवनिर्मित नाही.",सभी विषाणु अक्सर समय के साथ प्राकृतिक रूप से बदलते हैं। वैज्ञानिकों ने पता लगाया है कि इस विषाणु की उत्पत्ति भी प्रकृतिक रूप से ही पहले से मौजूद कोई औेर कोरोना विषाणु से हुई है।,"എല്ലാ വൈറസുകൾക്കും  ചുരുങ്ങിയ സമയത്തിനുള്ളിൽ തന്നെ സ്വാഭാവികമായി മാറ്റങ്ങൾ സംഭവിക്കാറുണ്ട്. മാത്രമല്ല ഈ വൈറസ്  മുൻപേ കണ്ടെത്തിയിട്ടുള്ള ചില കൊറോണ വൈറസുകളിൽ നിന്ന് സ്വാഭാവികമായി പരിണമിച്ചുണ്ടായതെന്ന് ഗവേഷകർ തെളിയിച്ചിട്ടുമുണ്ട്. അതിനാൽ, ഇത് ഒരു പ്രകൃതിജന്യമായ വൈറസാണ്, ആരും  നിർമിച്ചതല്ല.",सबै भाईरसहरु समयसंगै म्युटेसन मार्फत परिवर्तन हुन्छन । अनुसन्धानकर्ताहरुक अनुसार नोबेल कोरोना भाईरस पनि विश्वमा पहिल्यै अस्तित्वमा रहेको कोरोना भाईरसहरुबाट म्युटेसनमार्फत प्राकृतिक रुपमै बनेको हो । त्यसैले यो प्रयोगशालामा बनाएको नभई प्रकृतिमै बहेको हो ।,"সব ভাইরাসই সময়ের সাথে সাথে,  প্রাকৃতিক ভাবেই পরিব্যাক্তির মাধ্যমে পরিবর্তিত হয়। 
এক্ষেত্রেও গবেষকরা দেখিয়েছেন, এই ভাইরাসটি  প্রাকৃতিক ভাবে, আগেই উপস্থিত কোনো  একটি করোনা ভাইরাস প্রজাতির থেকে বিবর্তিত হয়েছে। অর্থাৎ, এর উৎস প্রাকৃতিক।","સમય જતાં બધા વાયરસ કુદરતી રીતે બદલાય છે. સંશોધનકારોએ બતાવ્યું છે કે આ વાયરસ પણ કોરોનાવાયરસના કેટલાક હાલના તાણથી કુદરતી રીતે વિકસિત થયો છે. આમ, તે કુદરતી મૂળ છે.","ਅਕਸਰ, ਵਾਇਰਸ ਪਰਿਵਰਤਨ ਦੁਆਰਾ ਸਮੇਂ ਦੇ ਨਾਲ ਕੁਦਰਤੀ ਤੌਰ ਤੇ ਬਦਲ ਜਾਂਦੇ ਹਨ. ਵਿਗਿਆਨੀਆਂ ਨੇ ਦਿਖਾਇਆ ਹੈ ਕਿ ਇਹ ਵਾਇਰਸ ਕੋਰੋਨਵਾਇਰਸ ਦੇ ਕੁਝ ਮੌਜੂਦਾ ਤਣਾਅ ਤੋਂ ਕੁਦਰਤੀ ਤੌਰ ਤੇ ਵਿਕਸਤ ਹੋਇਆ ਹੈ. ਇਸ ਲਈ ਇਹ ਕੁਦਰਤੀ ਮੂਲ ਦਾ ਹੈ.",காலப்போக்கில் தன்னியல்பாக அணைத்து வைரஸ்களிலும் இயற்கையாகவே திடீர் மரபணுமாற்றம் ஏற்பட்டு மாற்றம் வரும். ஏற்கனவே இருந்த ஒரு ரக கொரோனா வைரஸிலிருந்து தான் இந்த நாவல் கொரோனா வைரஸ் இயற்கையாக பரிணமித்துள்ளது என ஆய்வாளர்கள் சமீபத்தில் நிறுவியுள்ளனர். எனவே இந்த வைரஸ் இயற்கையில் பரிணமித்த ஒன்று தான்.,"ସମସ୍ତ ଭୂତାଣୁ ସମୟ ଅନୁସାର ସ୍ୱାଭାବିକ ଭାବରେ ପରିବର୍ତ୍ତନ ହୁଅନ୍ତି | ଗବେଷକମାନେ ଦର୍ଶାଇଛନ୍ତି ଯେ ଏହି ନୋଭେଲ କରୋନା ଭୁତାଣୁ ମଧ୍ୟ ପୁର୍ବ କରୋନା ଭୂତାଣୁ ମାନଙ୍କଠାରୁ ପ୍ରାକୃତିକ ଭାବରେ ବିବର୍ତ୍ତିତ ହୋଇଥିଲା । ତେଣୁ, ଏହାର ଉତ୍ପତ୍ତି ପ୍ରାକୃତିକ ଅଟେ ।","ఉత్పరివర్తనాల ద్వారా అన్ని వైరసులు సహజంగానే కాలక్రమేణా మారతాయి. ఇప్పటికే ఉన్న కరోనా వైరసులు నుంచి ఈ కొత్త వైరస్ కూడా సహజంగానే తయారు అయ్యింది అని పరిశోధకులు తెలుపుతున్నారు. అందువలన, ఇది సహజ మూలం.","ಎಲ್ಲಾ ವೈರಸ್‌ಗಳು ರೂಪಾಂತರಗಳ ಮೂಲಕ ಕಾಲಾನಂತರದಲ್ಲಿ ಸ್ವಾಭಾವಿಕವಾಗಿ ಬದಲಾಗುತ್ತವೆ. ಈ ವೈರಸ್ ಸಹ ಅಸ್ತಿತ್ವದಲ್ಲಿರುವ ಕೆಲವು ಕೊರೊನಾವೈರಸ್ನಿಂದ ನೈಸರ್ಗಿಕವಾಗಿ ವಿಕಸನಗೊಂಡಿದೆ ಎಂದು ಸಂಶೋಧಕರು ತೋರಿಸಿದ್ದಾರೆ. ಆದ್ದರಿಂದ, ಇದರ ಮೂಲ ನೈಸರ್ಗಿಕವಾಗಿದೆ.","প্রত্যেক ভাইৰাছে প্ৰাকৃতিকভাৱে ভাবে সময়ৰ সৈতে মিউটেচন নামৰ এবিধ প্ৰক্ৰিয়াৰে সলনি হয়। গবেষক সকলে দেখুৱাইছে যে এই ভাইৰাছ বিধেও প্ৰাকৃতিক ভাবে বিকশিত হৈছে পুৰণি কৰ’না ভাইৰাছৰ পৰাই। গতিকে, ই প্ৰাকৃতিক, কৃত্ৰিম  নহয়।",Baroh ki virus ki kylla hi katkum ka por lyngba ka jingkylla dur. Ki ‘riew wadbniah ki shem ba une u virus ruh u mih bad kylla dur hi suki suki na ka jingpang corona. Kumta u dei uba shu mih hi.,تمام وائرسیس میں تغیر کی وجہ سے قدرتی طور پرتبدیلی ہوتی رہتی ہے۔محقق نے معلوم کیا ہے کہ اس وائرس کا ارتقاء قدرتی طور پرپہلے سے موجود کورونا وائرس میں ہوتا رہا ہے۔ اس طرح سے یہ اسکی قدرتی فطرت ہے۔
Image 2,1,दावा:,दावा:,വാദം:,दावी:,দাবী:,દાવો:,ਦਾਅਵਾ:,கூற்று:,ଦାବି:,తీర్పు:,ದಾವೆ:,দাবী :,Ka jingkam ka bym shisha:,دعویٰ :
,2,होमिओपॅथिक किंवा आयुर्वेदिक औषधांच्या सहाय्याने करोनापासून बचाव शक्य आहे.,होमियोपैथी और / या आयुर्वैदिक दवाइयाँ मुझे इस विषाणु से सुरक्षित रखेंगी। ,ഹോമിയോപ്പതി/ആയുർവേദ മരുന്നുകൾ ഈ വൈറസിൽ നിന്ന് എന്നെ സംരക്ഷിക്കും.,होमियोप्याथिक र/वा आयुर्वेदिक औषधिले मलाई यस भाईरसबाट रक्षा गर्छ/ बचाउछ।,হোমিওপ্যাথি এবং/ অথবা আয়ুর্বেদিক ওষুধ এই ভাইরাসের থেকে আমাদের রক্ষা করবে। ,હોમિયોપેથિક અને / અથવા આયુર્વેદિક દવાઓ મને આ વાયરસથી સુરક્ષિત કરશે.,ਹੋਮੀਓਪੈਥਿਕ ਜਾਂ ਆਯੁਰਵੈਦਿਕ ਦਵਾਈਆਂ ਮੈਨੂੰ ਇਸ ਵਾਇਰਸ ਤੋਂ ਬਚਾਉਣਗੀਆਂ.,ஹோமியோபதி மற்றும் / அல்லது ஆயுர்வேத மருந்துகள் இந்த வைரஸிலிருந்து என்னைப் பாதுகாக்கும்.,"ହୋମିଓପାଥିକ୍ କିମ୍ବା ଆୟୁର୍ବେଦିକ ଔଷଧ ମୋତେ ଏହି ଭୂତାଣୁରୁ ରକ୍ଷା କରିବ ।",హోమియోపతి మరియు/లేదా ఆయుర్వేద ఔషధాలు ఈ వైరస్ నుండి మనల్ని రక్షిస్తాయి.,ಹೋಮಿಯೋಪತಿ ಮತ್ತು / ಅಥವಾ ಆಯುರ್ವೇದ ಔಷಧಿಗಳು ಈ ವೈರಸ್‌ನಿಂದ ನನ್ನನ್ನು ರಕ್ಷಿಸುತ್ತವೆ.,হোমিওপেথিক আৰু/বা আয়ুর্বেদিক দৰবে মোক এই ৰোগৰ পৰা বছাব।,Ki dawai Homeopathic bad/lane Ayurvedic ki їarap їa nga ban їada na une u virus.,ہومیوپیتھک اور/ یا آیورویدیک دوائیں ہمیں اس وائرس سے بچاِئیں گی۔
,3,निर्णय:,निर्णय:,ശാസ്ത്രീയ പ്രതികരണം: ,निर्णय :,উত্তর:,નિષ્કર્ષ:,ਜਵਾਬ:,தீர்ப்பு:,ନିର୍ଣୟ :,తీర్పు:,ತೀರ್ಪು:,উত্তৰ :,Ka jingshem:,فیصلہ:
,4,खरं नाही.,असत्य / झूठ !,ശരിയല്ല!,सत्य होइन । ,কোনো প্রমাণ নেই।,સાચું નથી!,ਗਲਤ!,உண்மை இல்லை!,ସତ ନୁହେଁ!,ఇది నిజం కాదు!,ನಿಜವಲ್ಲ!,মিছা !,Kam dei kaba shisha!,یہ سچ نہیں ہے۔
,5,,,,,,,,,,,,,,
,6,का?:,क्यों?:,എന്തുകൊണ്ട്?,किन?,কারণ:,શા માટે:,ਕਿਉਂ:,ஏன்:,କାହିଁକି:,ఎందుకు:,ಏಕೆ:,কিয়? :,Balei?,کیوں
,7,होमिओपॅथिक आणि / किंवा आयुर्वेदिक आौषधांनी ह्या विषाणूपासून बचाव अथवा कोविड-१९ रोगावर उपचार होऊ शकतो हे सिद्ध करणारे पुरेसे पुरावे उपलब्ध नाहीत. आजपर्यंत अशा कोणत्याही औषधाच्या मानवीय चाचण्या केल्या गेलेल्या नाहीत.,इस बात का अभी तक पर्याप्त प्रमाण नहीं है की होमियोपैथी और / या आयुर्वैदिक दवाइयाँ मनुष्य को कोविड-१९ से बचा सकती हैं या उसका इलाज कर सकती हैं।  इस प्रकार कि किसी भी औषधि का अभी तक मानवों पर वैज्ञानिक परीक्षण नहीं किया गया है। ,ഹോമിയോപ്പതിക്കോ ആയുർവേദത്തിനോ COVID-19 ൽ നിന്ന് നിങ്ങളെ സംരക്ഷിക്കുവാനൊ സുഖപ്പെടുത്താനോ കഴിയുമെന്ന് സൂചിപ്പിക്കുന്നതിന് മതിയായ തെളിവുകൾ ഇല്ല. ഇന്നുവരെ ഇതുമായി ബന്ധപെട്ടു ക്ലിനിക്കൽ പരീക്ഷണങ്ങളൊന്നും നടത്തിയിട്ടില്ല.,"हालसम्म होमियोप्याथिक वा आयुर्वेदिकले नोबेल कोरोना भाईरस अर्थात् कोभिड-१९ बाट बचाउन वा उपचार गर्न सक्ने कुराको पर्याप्त प्रमाणहरु भेटिदैनन।  यस सम्बन्धि हालसम्म कुनै क्लिनिकल ट्रायल गरिएको गरिएको छैन। क्लिनिकल ट्रायल भनेको कुनै पनि औषधि बजारमा जानु भन्दा पहिले उक्त औषधिले गर्ने भनिएको उपचार गर्छ/गर्दैन निर्क्योल गर्ने परिक्षण हो।  
","এখনও পর্যন্ত এমন কোন উদাহরণ নেই যার দ্বারা এটা প্রমাণ করা সম্ভব যে, 
হোমিওপ্যাথি   বা আয়ুর্বেদিক ওষুধ কোভিড-১৯ এর সংক্রমণ  কিংবা নিরাময় করতে 
সক্ষম। আজ পর্যন্ত কোনো ডাক্তারি পরীক্ষা করা হয়নি।","હોમિયોપેથી અથવા આયુર્વેદ સૂચવવા માટે પૂરતા પુરાવા નથી, તે ક્યાં તો કોવિડ -19 ચેપથી સુરક્ષિત અથવા ઉપચાર કરી શકે છે. આજદિન સુધી કોઈ ક્લિનિકલ ટ્રાયલ કરવામાં આવી નથી.",ਸਾਡੇ ਕੋਲ ਇਹ ਸੁਝਾਉਣ ਲਈ ਸਬੂਤ ਨਹੀਂ ਹਨ ਕਿ ਹੋਮਿਓਪੈਥੀ ਜਾਂ ਆਯੁਰਵੈਦ ਕਿਸੇ ਨਾਵਲ ਕੋਰੋਨਵਾਇਰਸ ਦੀ ਲਾਗ ਤੋਂ ਬਚਾਅ ਕਰ ਸਕਦੇ ਹਨ ਜਾਂ ਠੀਕ ਕਰ ਸਕਦੇ ਹਨ. ਨਾਵਲ ਕੋਰੋਨਾਵਾਇਰਸ 'ਤੇ ਅਜੇ ਤਕ ਅਜਿਹੀਆਂ ਦਵਾਈਆਂ ਦੇ ਕਲੀਨਿਕਲ ਟਰਾਇਲ ਨਹੀਂ ਕੀਤੇ ਗਏ ਹਨ.," ஹோமியோபதி அல்லது ஆயுர்வேத மருத்துவத்தால் கோவிட் -19
நோய்த்தொற்றிலிருந்து பாதுகாக்கவோ அல்லது குணப்படுத்தவோ முடியும் என்பதற்கு ஆதாரங்கள் இல்லை. இன்றுவரை பிணி சார் மருந்தியக்க ஆய்வுகள் எதுவும் நடத்தப்படவில்லை.","ହୋମିଓପାଥି କିମ୍ବା ଆୟୁର୍ବେଦ COVID-19 ସଂକ୍ରମଣରୁ ରକ୍ଷା କିମ୍ବା ଉପଶମ କରିପାରିବ ବୋଲି କୌଣସି ପ୍ରକାର ପର୍ଯ୍ୟାପ୍ତ ପ୍ରମାଣ ନାହିଁ । ଏହା ପାଇଁ  ଏପର୍ଯ୍ୟନ୍ତ କୌଣସି  କ୍ଲିନିକାଲ୍ ପରୀକ୍ଷା କରାଯାଇ ନାହିଁ  ।",హోమియోపతీ లేదా ఆయుర్వేదాన్ని సూచించటానికి తగిన ఆధారాలు లేవు. ఇప్పటి వరకు ఎలాంటి ఔషధ పరిశోధన )క్లినికల్ ట్రయల్స్( చేయలేదు.,ಹೋಮಿಯೋಪತಿ ಅಥವಾ ಆಯುರ್ವೇದವು COVID-19 ಸೋಂಕಿನಿಂದ ರಕ್ಷಿಸಬಹುದು ಅಥವಾ ಗುಣಪಡಿಸಬಹುದು ಎಂದು ಸೂಚಿಸಲು ಸಾಕಷ್ಟು ಪುರಾವೆಗಳಿಲ್ಲ. ಇಲ್ಲಿಯವರೆಗೆ ಯಾವುದೇ ವೈದ್ಯಕೀಯ ಪ್ರಯೋಗಗಳು ನಡೆದಿಲ್ಲ.,আয়ুর্বেদিক আৰু/বা হোমিওপেথিয়ে এই ৰোগ বা ভাইৰাছক(Covid-19) বাধা দিব পাৰে বুলি আমাৰ হাতত পর্যাপ্ত প্ৰমাণ নাই। এতিয়ালৈকে কোনো তেনে গবেষণা কৰা হোৱা নাই।,"Ym shym la don ki sakhi sabut kiba biang ban ai jingmut ba ka homeopathy lane ka ayurveda kan lah ban їada lane ban sumar їa ka jingpynbit jingpang u COVID-19. Haduh mynta, ym pat don ka jingpyrshang ha kano kano ka jaka thiah pang.",ہمیو پیتھک یا آیورویدک دوا ؤں میں کوویڈ – ١٩ سے ہمارا بچاؤ یا علاج ممکن ہے ایسی تجویز کے لیے مناسب ثبوت نہیں ملے ہیں۔ ابھی تک کلینیکل ٹرائل نہیں ہوئے ہیں۔
Image 3,1,दावा:,दावा:,വാദം:,दावी:,দাবী:,દાવો:,ਦਾਅਵਾ:,கூற்று:,ଦାବି:,ఆరోపణ:,ದಾವೆ:,দাবী :,Ka jingkam ka bym shisha:,دعویٰ :
,2,मांसाहारी अन्न खाल्याने हा रोग होण्याची शक्यता जास्त असते.,मांसाहारी भोजन खाने से इस रोग के संक्रमण का खतरा बढ़ जाता है।  ,മാംസാഹാരം കഴിക്കുന്നത് അണുബാധയ്ക്കുള്ള സാധ്യത വർദ്ധിപ്പിക്കുന്നു,"मांसाहारी खान खानाले संक्रमणको सम्भावना बढ्छ। 
",আমিষ জাতীয় খাদ্য গ্রহণ করোনা ভাইরাস এর সংক্রমণ এর প্রবণতা বাড়িয়ে দেয়।,માંસાહારી ખોરાક ખાવાથી ચેપનું જોખમ વધે છે.,ਮਾਸਾਹਾਰੀ ਭੋਜਨ ਖਾਣ ਨਾਲ ਲਾਗ ਦਾ ਖ਼ਤਰਾ ਵੱਧ ਜਾਂਦਾ ਹੈ.,அசைவ உணவை உட்கொள்வது தொற்றுநோயை அதிகரிக்கும்., ଆମିଷ ଖାଦ୍ୟ ଖାଇବା ଦ୍ୱାରା ସଂକ୍ରମଣର ଆଶଙ୍କା ବଢିଯାଏ |,మాంసాహారం తినడం వల్ల సంక్రమణ )ఇన్ ఫెక్షన్( వచ్చే ప్రమాదం పెరుగుతుంది.,ಮಾಂಸಾಹಾರಿ ಆಹಾರವನ್ನು ಸೇವಿಸುವುದರಿಂದ ಸೋಂಕಿನ ಅಪಾಯ ಹೆಚ್ಚಾಗುತ್ತದೆ.,আমিষ ভোজনে এই ৰোগৰ সংক্ৰমণ কৰিব পাৰে / আমিষ ভোজন এই ৰোগৰ বাবে বিপদজনক।,Ka jingbam їa ki doh ka pynjur їa ka jingma ban bit jingpang.,گوشت کھانے سے اس متعدی مرض کا خطرہ بڑھ جاتا ہے۔
,3,निर्णय:,निर्णय:,ശാസ്ത്രീയ പ്രതികരണം:,निर्णय :,উত্তর: ,નિષ્કર્ષ:,ਜਵਾਬ:,தீர்ப்பு:,ନିର୍ଣୟ :,తీర్పు:,ತೀರ್ಪು:,উত্তৰ :,Ka jingshem:,فیصلہ:
,4,खरं नाही.,असत्य / झूठ !,ശരിയല്ല!,"सत्य होइन । ",সত্য নয়।,સાચું નથી!,ਗਲਤ!,உண்மை இல்லை!,ସତ ନୁହେଁ!,ఇది నిజం కాదు!,ನಿಜವಲ್ಲ!,মিছা !,Kam dei kaba shisha!,یہ سچ نہیں ہے۔
,5,,,,,,,,,,,,,,
,6,का?:,क्यों?:,എന്തുകൊണ്ട്?,किन?,কারণ:,શા માટે:,ਕਿਉਂ:,ஏன்:,କାହିଁକି:,ఎందుకు:,ಏಕೆ:,কিয়? :,Balei?,کیوں
,7,नीट स्वच्छ केलेल्या आणि नीट शिजवलेल्या शाकाहारी आणि मांसाहारी अन्नपदार्थांपासून या रोगाचा कोणताही धोका नाही. अन्न शिजवण्याच्या प्रक्रियेत त्यांतील विषाणूंचा नाश होतो किंवा ते निष्प्रभ होतात.,अच्छी तरह से साफ़ किया हुआ और अच्छी तरह से पकाया हुआ मांसाहारी या शाकाहारी भोजन खाने में किसी प्रकार का खतरा नहीं है। खाना पकाने  कि प्रक्रिया विषाणु को निष्क्रिय या नष्ट कर देती है।,നന്നായി വൃത്തിയാക്കിയതും വേവിച്ചതുമായ മാംസാഹാരവും സസ്യാഹാരവും കഴിക്കുന്നത് അപകടകരമല്ല. പാചകം ചെയ്യുന്ന പ്രക്രിയ വൈറസുകളെ നശിപ്പിക്കുകയോ നിർജ്ജീവമാക്കുകയോ ചെയ്യുന്നു.,"राम्रोसंग सफा गरिएको र पकाईएको शाकाहारी वा मांसाहारी खान खाँदा कुनै जोखिम छैन।  राम्रोसंग पकाउँदा भाईरस नष्ट वा निस्क्रिय हुन्छ। ","সঠিকভাবে ধোয়া এবং রান্না করা আমিষ বা নিরামিষ খাবার বিপজ্জনক নয়। রান্না 
করার  প্রক্রিয়ায় ভাইরাস নিষ্ক্রিয় হয়ে যায় কিংবা মারা যায়।",સારી રીતે સાફ અને રાંધેલા માંસાહારી અથવા શાકાહારી ખાવાનું જોખમી નથી. રસોઈની પ્રક્રિયા વાયરસનો નાશ કરે છે અથવા નિષ્ક્રિય કરે છે.,ਚੰਗੀ ਤਰ੍ਹਾਂ ਸਾਫ਼ ਅਤੇ ਸਹੀ ਤਰ੍ਹਾਂ ਪਕਾਏ ਜਾਣ ਵਾਲੇ ਮਾਸਾਹਾਰੀ ਜਾਂ ਸ਼ਾਕਾਹਾਰੀ ਭੋਜਨ ਖਾਣਾ ਜੋਖਮ ਭਰਿਆ ਨਹੀਂ ਹੈ. ਖਾਣਾ ਪਕਾਉਣ ਦੀ ਪ੍ਰਕਿਰਿਆ ਵਾਇਰਸਾਂ ਨੂੰ ਨਸ਼ਟ ਜਾਂ ਅਯੋਗ ਕਰ ਦਿੰਦੀ ਹੈ.,நன்கு சுத்தம் செய்யப்பட்டு சமைத்த அசைவ அல்லது சைவ உணவை உண்பதில் எந்த தீங்கும் இல்லை. சமைக்கும் போது வெப்பம் வைரஸ்களை அழிக்கிறது அல்லது செயலிழக்க செய்கிறது.,"ପରିଷ୍କାର ଏବଂ ରନ୍ଧା ହୋଇଥିବା ନିରାମିଷ  କିମ୍ବା ଆମିଷ ଖାଦ୍ୟ ଖାଇବା ବିପଦଜନକ ନୁହେଁ | ରାନ୍ଧିବା ପ୍ରକ୍ରିୟା ଭୂତାଣୁକୁ ନଷ୍ଟ କିମ୍ବା ନିଷ୍କ୍ରିୟ କରିଦିଏ |",బాగా శుభ్రం చేసి వండిన మాంసాహారం లేదా శాకాహారం తినడం ప్రమాదకరం కాదు. వంట చేసే విధానం వైరస్ లను నాశనం చేస్తుంది.,ಚೆನ್ನಾಗಿ ಸ್ವಚ್ಛಗೊಳಿಸಿದ ಮತ್ತು ಬೇಯಿಸಿದ ಮಾಂಸಾಹಾರಿ ಅಥವಾ ಸಸ್ಯಾಹಾರಿ ಆಹಾರವನ್ನು ಸೇವಿಸುವುದು ಅಪಾಯಕಾರಿ ಅಲ್ಲ. ಅಡುಗೆ ಪ್ರಕ್ರಿಯೆಯು ವೈರಸ್‌ಗಳನ್ನು ನಾಶಪಡಿಸುತ್ತದೆ ಅಥವಾ ನಿಷ್ಕ್ರಿಯಗೊಳಿಸುತ್ತದೆ.,চাফ চিকুনকৈ আৰু ভালদৰে সিজাই খালে কোনো খাদ্যই বিপদজনক নহয়। খাদ্য বনোবাৰ প্ৰণালীয়ে ভাইৰাছ বিধক নষ্ট কৰি দিয়ে।,Kaba bam їa ki jingbam kata ki doh bad ki jhur ba la pynkhuid bad shet bha kam wan rah їa ka jingma. Ka jingshet bha їa ki jingbam ka pyntroiñ bad pynduh bor їa ki virus.,اچھے سےصاف کی گئی اور پکی ہوئی سبزی یا گوشت کھانا خطرناک نہیں ہے۔ کھانا پکانے کا عمل وائرس کو ختم یا غیرفعال کر دیتا ہے۔
Image 4,1,दावा:,दावा:,വാദം: ,दावी:,দাবী:,દાવો:,ਦਾਅਵਾ:,கூற்று:,ଦାବି:,ఆరోపణ:,ದಾವೆ:,দাবী :,Ka jingkam ka bym shisha:,دعویٰ :
,2,कोविड-१९ बद्दल खूप महत्वाची माहिती फलज्योतिष्याद्वारे मिळाली आहे / मिळू शकते.,"ज्योतिषियों ने कोविड-१९ बीमारी को समझने में मदद करने के लिए महत्वपूर्ण जानकारियां दी हैं। 
",കോവിഡ്-19 രോഗത്തെക്കുറിച്ചു മനസിലാക്കാൻ ജ്യോതിഷികൾ നൽകിയ സുപ്രധാന വിവരങ്ങൾ സഹായിച്ചിട്ടുണ്ട്.,ज्योतिषीहरुले कोभिड-१९ सम्बन्धि हाम्रो बुझाईमा महत्वपुर्ण विचार दिएका छन्।,"জ্যোতিষীরা কোভিড-১৯ রোগটি অনুধাবনের ক্ষেত্রে গুরুত্বপূর্ণ ভূমিকা পালন 
করেছেন।",જ્યોતિષીઓએ કોવિડ - 19 રોગ વિશેની અમારી સમજણ માટે મહત્વપૂર્ણ ઇનપુટ્સ આપ્યા છે.,ਜੋਤਿਸ਼ ਵਿਗਿਆਨੀਆਂ ਨੇ ਕੋਵਿਡ -19 ਬਿਮਾਰੀ ਦੀ ਸਾਡੀ ਸਮਝ ਲਈ ਮਹੱਤਵਪੂਰਨ ਜਾਣਕਾਰੀ ਦਿੱਤੀ ਹੈ.,COVID-19 நோயைப் குறித்த நமது புரிதலுக்கு முக்கிய பார்வைகளை ஜோதிடம் அளிக்கின்றது.," COVID-19 ରୋଗ ସମ୍ପର୍କୀୟ ଆମର ବୁଝାମଣା   ଦିଗରେ ଜ୍ୟୋତିଷମାନେ ଗୁରୁତ୍ୱପୂର୍ଣ୍ଣ ତଥ୍ୟ  ଦେଇଛନ୍ତି |",కోవిడ్-19 వ్యాధిపై మనకున్న అవగాహన పట్ల జ్యోతిష్కులు ముఖ్యమైన అవగాహన ఇచ్చారు.,ಜ್ಯೋತಿಷಿಗಳು COVID-19 ರೋಗದ ಬಗ್ಗೆ ಮಹತ್ವದ ಮಾಹಿತಿ ನೀಡಿದ್ದಾರೆ.,জ্যোতিষী সকলে Covid-19 ৰ বিষয়ে জনাত গুৰুত্বপূৰ্ণ অবদান আগবঢ়াইছে।,Ki Stad peit khlur (Astrologers) ki ai ka jingtip ba kham shai halor ka jingsngewthuh jong ngi shaphang ka jingpang COVID-19.,نجومیوں نے کوویڈ-١٩ کے متعلق ہماری سمجھ بنانے کے لیے بہت ہی اہم رائے دی ہیں۔
,3,निर्णय:,निर्णय:,ശാസ്ത്രീയ പ്രതികരണം:,निर्णय :,উত্তর:,નિષ્કર્ષ:,ਜਵਾਬ:,தீர்ப்பு:,ନିର୍ଣୟ :,తీర్పు:,ತೀರ್ಪು:,উত্তৰ :,Ka jingshem:,فیصلہ:
,4,खरं नाही.,असत्य / झूठ !,ശരിയല്ല!,सत्य होइन ।,সত্য নয়।,સાચું નથી!,ਗਲਤ!,உண்மை இல்லை!,ସତ ନୁହେଁ!,ఇది నిజం కాదు!,ನಿಜವಲ್ಲ!,মিছা !,Kam dei kaba shisha!,یہ سچ نہیں ہے۔
,5,,,,,,,,,,,,,,
,6,का?:,क्यों?:,എന്തുകൊണ്ട്?,किन?,কারণ:,શા માટે:,ਕਿਉਂ:,ஏன்:,କାହିଁକି:,ఎందుకు:,ಏಕೆ:,কিয়? :,Balei?,کیوں
,7,खगोलीय वस्तुंच्या जागा किंवा गतीचा मानवी शरीर किंवा विषाणूंवर कोणताही परिणाम होत नाही. म्हणूनच अशा प्रकारच्या भविष्यवाणी निरर्थक आहेत. या रोगाबद्दलची सध्या उपलब्ध असलेली माहिती ही वैज्ञानिक संशोधन आणि पुराव्यांवर आधारलेली आहे.,खगोलीय मंडलों की गति और स्थान से मानव शरीर और विषाणुओं पर कोई प्रभाव नहीं पड़ता है। इस कारण ज्योतिष भविष्यवाणियां भी उपयोगी नहीं हैं। कोरोना विषाणु के बारे में हमारी सभी जानकारी वैज्ञानिक अनुसंधान से प्राप्त की गयी है।,ജ്യോതിശാസ്ത്ര വസ്തുക്കളുടെ സ്ഥാനവും ചലനവും മനുഷ്യശരീരത്തെയോ വൈറസുകളെയോ ബാധിക്കുന്നില്ല. അതിനാൽ ജ്യോതിഷ പ്രവചനങ്ങൾ ഉപയോഗശൂന്യമാണ്. കൊറോണ വൈറസിനെക്കുറിച്ചുള്ള നിലവിലെ ബോധ്യം തെളിവുകളുടെയും ക്ലിനിക്കൽ ഗവേഷണത്തിന്റെയും അടിസ്ഥാനത്തിലാണ്.,"खगोलिय वस्तुहरु (जस्तै विभिन्न तारा/ग्रह/नक्षत्र,आदि) र तिनीहरुको चालले मानब शरीर वा भाईरसलाई कुनै असर नगर्ने हुदा ज्योतिषीय अनुमानहरुले काम गर्दैनन्। हालको कोरोना भाईरस सम्बन्धि बुझाई वैज्ञानिक प्रमाण र क्लिनिकल अनुसन्धानको आधारमा हो।","জ্যোতিষবিদ্যার অনুমানগুলি অর্থহীন কারণ মহাজাগতিক কোনো বস্তুর 
স্থান এবং চলনের কোনো  প্রভাব মানুষের দেহ বা ভাইরাসের ওপর নেই। 
করোনা ভাইরাস নিয়ে  আমাদের বর্তমান যা জ্ঞান তা সম্পূর্ণ বৈজ্ঞানিক প্রমাণ 
এবং ডাক্তারি  পরীক্ষার ওপর ভিত্তি করে গড়ে উঠেছে।","જ્યોતિષવિદ્યાની આગાહીઓ ઉપયોગી નથી, કારણ કે ખગોળ શાસ્ત્રીય પદાર્થોની સ્થિતિ અને ગતિ માનવ શરીર અથવા વાયરસને અસર કરતી નથી. કોરોનાવાયરસની હાલની સમજ વૈજ્ઞાનિક પુરાવા અને તબીબી સંશોધન પર આધારિત છે.",ਕੋਰੋਨਾਵਾਇਰਸ ਬਾਰੇ ਸਾਡੀ ਸਮਝ ਵਿਗਿਆਨਕ ਸਬੂਤ ਅਤੇ ਕਲੀਨਿਕਲ ਖੋਜ 'ਤੇ ਅਧਾਰਤ ਹੈ. ਖਗੋਲ-ਵਿਗਿਆਨਕ ਵਸਤੂਆਂ ਦੀ ਸਥਿਤੀ ਅਤੇ ਗਤੀ ਮਨੁੱਖੀ ਸਰੀਰ ਜਾਂ ਵਾਇਰਸਾਂ ਨੂੰ ਪ੍ਰਭਾਵਤ ਨਹੀਂ ਕਰਦੀ. ਇਸ ਲਈ ਜੋਤਿਸ਼ ਦੀ ਭਵਿੱਖਬਾਣੀ ਲਾਭਦਾਇਕ ਨਹੀਂ ਹੈ.,"வான்பொருட்களின் நிலை மற்றும் இயக்கம் மனித உடல் அல்லது வைரஸ்களை தாக்கம் செய்யாது என்பதால் ஜோதிட கணிப்புகள் முற்றிலும் பயனற்றவை, கொரோனா வைரஸின் தற்போதைய புரிதல் அறிவியல் சான்றுகள் மற்றும் மருத்துவ ஆராய்ச்சியை அடிப்படையாகக் கொண்டது.","ଜ୍ୟୋତିଷ ଶାସ୍ତ୍ରର ଭବିଷ୍ୟବାଣୀ ଉପଯୋଗୀ ନୁହେଁ, କାରଣ ମହାକାଶରେ  ଥିବା ବସ୍ତୁ ମାନଂକର ସ୍ଥିତି ଏବଂ ଗତିର  ମାନବ ଶରୀର କିମ୍ବା ଭୂତାଣୁ ମାନଙ୍କ ଉପରେ କୌଣସି ପ୍ରଭାବ ନାହିଁ | କରୋନା ଭାଇରସ୍ ବିଷୟରେ ଆମର ସାମ୍ପ୍ରତିକ ଜ୍ଞାନ , ବୈଜ୍ଞାନିକ ପ୍ରମାଣ ଏବଂ କ୍ଲିନିକାଲ୍ ଅନୁସନ୍ଧାନ ଉପରେ  ଆଧାରିତ ।
",ఖగోళ వస్తువుల యొక్క స్థితి మరియు చలనం అనేవి మానవ శరీరం లేదా వైరస్ లపై ప్రభావం చూపవు కనుక జ్యోతిష్య అంచనాలు ఉపయోగకరంగా ఉండవు. ఇప్పటి కరోనా వైరస్ యొక్క ప్రస్తుత అవగాహన శాస్త్రీయ పద్దతి మరియు క్లినికల్ పరిశోధన ద్వారానే తెలుస్తుంది.,ಗ್ರಹಗತಿಗಳ ಸ್ಥಾನ ಮತ್ತು ಚಲನೆಯು ಮಾನವ ದೇಹ ಅಥವಾ ವೈರಸ್‌ಗಳ ಮೇಲೆ ಪರಿಣಾಮ ಬೀರುವುದಿಲ್ಲ. ಕರೋನವೈರಸ್ ನ ಬಗ್ಗೆ ನಮ್ಮ ಜ್ಞಾನ ಪ್ರಸ್ತುತ ವೈಜ್ಞಾನಿಕ ಪುರಾವೆಗಳು ಮತ್ತು ವೈದ್ಯಕೀಯ ಸಂಶೋಧನೆಗಳನ್ನು ಆಧರಿಸಿದೆ.,জ্যোতিষীসকলৰ ভবিষ্যতবাণী এইকাৰণে গুৰুত্ত্বপূৰ্ণ নহয় কাৰণ নক্ষত্ৰৰ চলাচলে মানুহৰ দেহত অথবা ভাইৰাছৰ দেহত কোনো প্রভাব নকৰে। কৰ’না ভাইৰাছৰ বিষয়ে সকলো জ্ঞান ক্লিনিকত বিজ্ঞানৰ ওপৰত ভিত্তি কৰি কৰা গবেষণাৰ পৰা সংগৃহিত।,"Ka Jingїathuh antad jong ka jingstad shaphang ki khlur bad ka jingktah jong ki їa ki kam bad jingim briew (Astrology) kam long kaba myntoi namar ka rukom shong bad ka jingkhih jong ki met bneng kam don jingktah їa ka met u briew lane їa u virus. Kumba ka long mynta, ka jingsngewthuh shaphang u coronavirus ka dei kaba la pynshong nongrim ha ka jingwad bniah ka saїan bad ka jaka thiah pang",علمِ نجوم کی پیشن گوئی اس لیے مفید نہیں ہے۔ فلکیاتی اشیاِء کی حرکات و سکنات انسانی جسم پر اثرانداز نہیں ہوتی۔کورونا وائرس سے متعلق ہماری جو سمجھ بنی ہے وہ سائنسی ثبوت و شہادت اور کلینیکل تحقیق سے بنی ہے۔
Image 5,1,दावा:,दावा:,വാദം: ,दावी:,দাবী:,દાવો:,:ਦਾਅਵਾ:,கூற்று:,ଦାବି:,ఆరోపణ:,ದಾವೆ:,দাবী :,Ka jingkam ka bym shisha:,دعویٰ :
,2,गोमूत्र किंवा गाईचे शेण कोविड-१९ रोगापासून माझा बचाव करू शकते.,गोमूत्र या गोबर मुझे इस विषाणु से बचायेगा।,പശു മൂത്രം അല്ലെങ്കിൽ ചാണകം ഉപയോഗിക്കുന്നത് എന്നെ സംരക്ഷിക്കും.,गाईको गहुँत वा गोबर प्रयोगले मलाई ‘कोभिड-१९’ को सम्क्रमणबाट बचाउछ ।,গোমূত্র অথবা গোবর ব্যবহার করলে নভেল করোনা ভাইরাস এর সংক্রমণ আটকানো সম্ভব। ,ગૌમૂત્ર અથવા ગોબર ના ઉપયોગ થી મને કોવિડ - 19 નો ચેપ લાગશે નહીં.,ਗੋਮੂਤਰ ਜਾਂ ਗੋਬਰ ਦੀ ਵਰਤੋਂ ਮੈਨੂੰ ਕੋਵੀਡ ਸੰਕਰਮਣ ਤੋਂ ਬਚਾਏਗੀ।,பசுமாட்டின் சிறுநீர் அல்லது சாணத்தைப் பயன்படுத்துவது கோவிட் -19 நோய்த்தொற்றிலிருந்து நம்மை பாதுகாக்கும்.,"ଗାଈର ପରିସ୍ରା କିମ୍ବା ଗାଈଗୋବର ବ୍ୟବହାର ମୋତେ COVID-19 ସଂକ୍ରମଣରୁ ରକ୍ଷା କରିବ |",ఆవు మూత్రం లేదా ఆవు పేడ ఉపయోగించడం వల్ల కోవిడ్-19 నుండి రక్షణ కలుగుతుంది.,ಗೋಮೂತ್ರ ಅಥವಾ ಗೋಮಯದ ಸೇವನೆ COVID-19 ಸೋಂಕಿನಿಂದ ನನ್ನನ್ನು ರಕ್ಷಿಸುತ್ತದೆ.,গো-মূত্ৰ আৰু / বা গোবৰ ব্যবহাৰ কৰি মই Covid-19 ৰ পৰা হাত সাৰিব পাৰো ।,Ka jingpyndonkam їa ka umjung masi lane ka eit masi kan їada їa nga na ka jingpynbit jingpang COVID infection.,گائے کا پیشاب یا اسکے گوبر کا استعمال کوویڈ-19 سے ہماری حفاظت کرے گا۔
,3,निर्णय:,निर्णय:,ശാസ്ത്രീയ പ്രതികരണം:,निर्णय :,উত্তর:,નિષ્કર્ષ:,ਜਵਾਬ:,தீர்ப்பு:,ନିର୍ଣୟ :,తీర్పు:,ತೀರ್ಪು:,উত্তৰ :,Ka jingshem:,فیصلہ:
,4,खरं नाही.,असत्य / झूठ !,ശരിയല്ല!,"सत्य होइन । ",সত্য নয়।,સાચું નથી!,ਗਲਤ!,உண்மை இல்லை!,ସତ ନୁହେଁ!,ఇది నిజం కాదు!,ನಿಜವಲ್ಲ!,মিছা !,Kam dei kaba shisha!,یہ سچ نہیں ہے۔
,5,,,,,,,,,,,,,,
,6,का?:,क्यों?:,എന്തുകൊണ്ട്?,किन?,কারণ:,શા માટે:,ਕਿਉਂ:,ஏன்:,କାହିଁକି:,ఎందుకు:,ಏಕೆ:,কিয়? :,Balei?,کیوں
,7,गोमूत्र किंवा गाईच्या शेणाने या कोरोना विषाणूचा नाश होतो असा कुठलाही पुरावा उपलब्ध नाही. त्याहून महत्वाचे म्हणजे अशाप्रकारे प्राण्यांच्या मलमूत्राचे सेवन किंवा अन्य उपयोग करणे तुमच्या आरोग्यास हानीकारक असू शकते.,"इस बात का कोई प्रमाण नहीं है कि गोमूत्र या गोबर कोरोना विषाणु को नष्ट कर देता है। इसके अतिरिक्त, गाय के गोमूत्र या गोबर का उपयोग अथवा सेवन खतरनाक हो सकता है, क्योंकि इससे स्वास्थ्य संबंधी अन्य परेशानियां हो सकती हैं।",പശു മൂത്രമോ ചാണകമോ നോവൽ കൊറോണ വൈറസിനെ  കൊല്ലുമെന്നതിന് തെളിവുകളൊന്നുമില്ല. മൃഗങ്ങളുടെ വിസർജ്ജനം ഉപയോഗിക്കുകയൊ  കഴിക്കുകയൊ ചെയ്യുന്നത്  അപകടകരമാണ്. അവ മറ്റ് ആരോഗ്യ പ്രശ്‌നങ്ങൾക്കും കാരണമാകാം.,"गाईको गहुँत वा गोबरले नोबेल कोरोना भाईरसलाई नष्ट गरेको कुनै प्रमाण छैन। साथै, जनावरका यस्ता उत्सर्जित बस्तुहरु प्रयोग गर्दा वा खाँदा हानिकारक हुन्छन किनकि यसले अन्य स्वास्थ्यजन्य समस्याहरु उब्जाउन सक्छ।","গোমূত্র অথবা গোবর যে নভেল করোনা ভাইরাসের মৃত্যু ঘটায় এমন কোনো প্রমাণ 
নেই।  তাছাড়া, যে কোনো প্রাণীর বর্জ্য পদার্থ ব্যাবহার বা গ্রহণ করলে তা দেহের অন্যান্য ক্ষতি করতে পারে।","એવા કોઈ પુરાવા નથી કે તે બતાવશે કે ગૌમૂત્ર અથવા ગોબર નવલ કોરોના વાયરસને મારી નાખશે. તદુપરાંત, આ પ્રાણીના વિસર્જનનો ઉપયોગ કરવો અથવા તેનું સેવન કરવું તે જોખમી હોઈ શકે છે કારણ કે તે અન્ય સ્વાસ્થ્ય સમસ્યાઓનું કારણ બની શકે છે.","ਇਹ ਦਰਸਾਉਣ ਲਈ ਕੋਈ ਸਬੂਤ ਨਹੀਂ ਹੈ ਕਿ ਗੋਮੂਤਰ ਜਾਂ ਗੋਬਰ ਨਾਵਲ ਕੋਰੋਨਾਵਾਇਰਸ ਨੂੰ ਮਾਰ ਦੇਣਗੇ. ਇਸ ਤੋਂ ਇਲਾਵਾ, ਇਨ੍ਹਾਂ ਦਾ ਸੇਵਨ ਕਰਨਾ ਖ਼ਤਰਨਾਕ ਹੋ ਸਕਦਾ ਹੈ ਕਿਉਂਕਿ ਇਹ ਸਿਹਤ ਦੀਆਂ ਹੋਰ ਮੁਸ਼ਕਲਾਂ ਦਾ ਕਾਰਨ ਬਣ ਸਕਦੇ ਹਨ.","ஏன்: மாட்டு சிறுநீர் அல்லது மாட்டு சாணம் கொரோனா வைரஸ்
கொல்லும் என்பதற்கு எந்த ஆதாரமும் இல்லை. மேலும், இந்த
விலங்குகளின் கழிவுகளை பயன்படுத்துவது அல்லது உட்கொள்வது ஆபத்தானது, ஏனெனில் அவை ஏனைய உடல்நலக்குறைகளை ஏற்படுத்தக்கூடும்.","ଗାଈର ପରିସ୍ରା କିମ୍ବା ଗାଈଗୋବର ନୋଭେଲ କରୋନାଭାଇରସକୁ ନାଶ କରିବ ବୋଲି ଦର୍ଶାଇବା ପାଇଁ କୌଣସି ପ୍ରମାଣ ନାହିଁ | ଅଧିକନ୍ତୁ, ଏହାର  ବ୍ୟବହାର କିମ୍ବା ଖାଇବା ବିପଜ୍ଜନକ ହୋଇପାରେ କାରଣ ଏହା ଅନ୍ୟାନ୍ୟ ସ୍ୱାସ୍ଥ୍ୟ ସମସ୍ୟା ସୃଷ୍ଟି କରିପାରେ |
","ఆవు మూత్రం లేదా ఆవు పేడ కరోనావైరస్ ను చంపుతుందని చూపడానికి ఆధారాలు లేవు. అంతేకాక, ఈ జంతు విసర్జనలు ఉపయోగించడం లేదా సేవించడం ప్రమాదకరం, ఎందుకంటే అవి ఇతర ఆరోగ్య సమస్యలకు కారణం కావచ్చు.","ಗೋಮೂತ್ರ ಅಥವಾ ಗೋಮಯ ಈ ಕೊರೊನಾವೈರಸ್ ಅನ್ನು ಕೊಲ್ಲುತ್ತದೆ ಎಂಬುದಕ್ಕೆ ಯಾವುದೇ ಪುರಾವೆಗಳಿಲ್ಲ. ಇದಲ್ಲದೆ, ಪ್ರಾಣಿಗಳ ಮಲ ಮೂತ್ರ ಉಪಯೋಗಿಸುವುದರಿಂದ ಅಥವಾ ಸೇವಿಸುವುದು ಇತರ ಆರೋಗ್ಯ ಸಮಸ್ಯೆಗಳಿಗೆ ಕಾರಣವಾಗಬಹುದು.",ইয়াৰ কোনো বিজ্ঞানসন্মত প্ৰমাণ নাই যে গো-মূত্ৰ / গোবৰে Covid-19 ক বাধা দিব পাৰে। তাৰোপৰি এনে মল/মূত্ৰ সেবন কৰিলে অন্য ৰোগত আক্ৰান্ত হোৱাৰ সম্ভাবনা থাকে।,"Kam don ka sakhi ban pynshisha ba ka umjung masi bad ka eit masi kan pynїap їa u novel coronavirus. Nangta shuh shuh, kaba pyndonkam lane kaba bam ba dih їa ka jakhlia ki mrad ka lah ban long ka jingma namar ka lah ban ktah їa ka jingkoitjingkhiah.",ایسا کوئی بھی ثبوت ہمیں نہیں ملا ہے جو یہ بتاتا ہو کہ گائے کا پیشاب یا گوبر کورونا وائرس کو ختم کر دیتا ہے۔ مزید یہ کہ جانوروں کا اخراج استعمال کرنے سے دوسری صحتی بیماریاں لاحق ہو سکتی ہیں۔
Image 6,1,दावा:,दावा:,വാദം: ,दावी:,দাবী:,દાવો:,ਦਾਅਵਾ:,கூற்று:,ଦାବି:,ఆరోపణ:,ದಾವೆ:,দাবী :,Ka jingkam ka bym shisha:,دعویٰ :
,2,घरगुती औषधोपचार माझा बचाव करू शकतात,घरेलु उपचार मेरी रक्षा करेंगे।,വീട്ടുചികിത്സ എന്നെ സംരക്ഷിക്കും.,"घरेलु उपचारले मलाई सुरक्षित राख्छ।",গৃহে-উৎপন্ন টোটকা/প্রতিকার আমায় রক্ষা করতে পারে। ,ઘરેલું ઉપાય મને સુરક્ષિત કરશે.,ਘਰੇਲੂ ਉਪਚਾਰ ਮੇਰੀ ਰੱਖਿਆ ਕਰਨਗੇ.,வீட்டு வைத்தியம் என்னைப் பாதுகாக்கும்.," ଘରୋଇ ଉପଚାର ମୋତେ ସୁରକ୍ଷା ଦେବ |",ఇంటి చిట్కాలు )హోం రెమిడీస్( నన్ను కాపాడతాయి.,ಮನೆಮದ್ದುಗಳು ನನ್ನನ್ನು ರಕ್ಷಿಸುತ್ತವೆ.,,Kaba sumar da kaba pyndonkam da ki kynja dawai dih/bam/tah ba shu shna hi ha їing ka їada їa nga.,گھریلو علاج میری حفاظت کرے گا۔
,3,निर्णय:,निर्णय:,ശാസ്ത്രീയ പ്രതികരണം:,निर्णय :,উত্তর:,નિષ્કર્ષ:,ਜਵਾਬ:,தீர்ப்பு,ନିର୍ଣୟ :,తీర్పు:,ತೀರ್ಪು:,উত্তৰ :,Ka jingshem:,فیصلہ:
,4,खरं नाही.,असत्य / झूठ !,ശരിയല്ല!,सत्य होइन ।,সত্য নয়। ,સાચું નથી!,ਗਲਤ!,உண்மை இல்லை!,ସତ ନୁହେଁ!,ఇది నిజం కాదు!,ನಿಜವಲ್ಲ!,মিছা !,Kam dei kaba shisha!,یہ سچ نہیں ہے۔
,5,,,,,,,,,,,,,,
,6,का?:,क्यों?:,എന്തുകൊണ്ട്?,किन?,কারণ:,શા માટે:,ਕਿਉਂ:,ஏன்:,କାହିଁକି:,ఎందుకు:,ಏಕೆ:,কিয়? :,Balei?,کیوں
,7,"आलं, लसूण इत्यादी घरगुती उपचारांनी हा रोग समूळ बरा होतो किंवा या रोगापासून बचाव होतो असा कोणताही पुरावा उपलब्ध नाही. घरगुती उपचारांनी रोगाच्या लक्षणांपासून तात्पुरता दिलासा मिळू शकतो.","इस बात का कोई प्रमाण नहीं है कि अद्रक, लहसुन आदि घरेलू उपचार आपकी कोरोना विषाणु से रक्षा कर सकते हैं या इस बीमारी का उपचार कर सकते हैं। घरेलू उपचार कुछ समय के लिए आपको इस रोग के लक्षणों से राहत पहुंचा सकते हैं ।","വീട്ടുചികിത്സയ്ക്ക്  (ഉദാ: ഇഞ്ചി , വെളുത്തുള്ളി മുതലായവ) കൊറോണ വൈറസ് രോഗത്തിൽ നിന്ന് നിങ്ങളെ സംരക്ഷിക്കാനോ, രോഗം ഭേദമാക്കാനോ  കഴിയുമെന്ന് സൂചിപ്പിക്കുന്ന തെളിവുകളൊന്നുമില്ല. അവ രോഗലക്ഷണങ്ങളിൽ നിന്ന് താൽക്കാലിക ആശ്വാസം നൽകിയേക്കാം.","घरेलु उपचार जस्तै अदुवा, लसुन, आदिको सेवनले कोभिड-१९ को उपचार गरेको भन्ने प्रमाण छैन। यसको प्रयोगले रोगको लक्षणबाट अस्थायी राहत भने मिल्न सक्छ।","গৃহে-উৎপন্ন টোটকা/প্রতিকার, যথাঃ আদা, রসুন প্রভৃতি যে এই করোনা ভাইরাসের  সংক্রমণ 
রোধ বা এই রোগ  নিরাময়ে সাহায্য করে এমন কোনো প্রমাণ নেই । এগুলির ব্যাবহার রোগের 
উপসর্গগুলি থেকে আমাদের তাৎক্ষনিক মুক্তি দিতে পারে মাত্র।","એવા કોઈ પુરાવા નથી કે ઘરેલું ઉપચાર દા.ત. આદુ, લસણ વગેરે કોરોનાવાયરસ રોગથી રક્ષણ અથવા ઇલાજ કરી શકે છે. તેઓ લક્ષણોથી અસ્થાયી રાહત આપી શકે છે","ਘਰੇਲੂ ਉਪਚਾਰ ਲੱਛਣਾਂ ਤੋਂ ਅਸਥਾਈ ਤੌਰ 'ਤੇ ਰਾਹਤ ਪ੍ਰਦਾਨ ਕਰ ਸਕਦੇ ਹਨ, ਪਰ ਇਸ ਗੱਲ ਦਾ ਕੋਈ ਸਬੂਤ ਨਹੀਂ ਹੈ ਕਿ ਘਰੇਲੂ ਉਪਚਾਰ ਕਰੋਨਾਵਾਇਰਸ ਬਿਮਾਰੀ ਤੋਂ ਬਚਾ ਸਕਦੇ ਹਨ ਜਾਂ ਉਨ੍ਹਾਂ ਦਾ ਇਲਾਜ਼ ਕਰ ਸਕਦੇ ਹਨ.","இஞ்சி, பூண்டு போன்ற வீட்டு வைத்தியம் கொரோனா வைரஸ் தொற்றிலிருந்து பாதுகாக்கும் அல்லது நிவாரணம் தரும் என்பதற்கு எந்த ஆதராமும் இல்லை. கொரோனா வைரஸ் நோயின் மித அறிகுறிகளிலிருந்து வீட்டு வைத்தியம் தற்காலிக நிவாரணம் 
அளிக்கக்கூடும்.","ଘରୋଇ ଉପଚାର ଯଥା,  ଅଦା, ରସୁଣ ଇତ୍ୟାଦି କରୋନା ଭାଇରସ୍ ରୋଗରୁ ରକ୍ଷା କରିପାରିବ କିମ୍ବା ଆରୋଗ୍ୟ କରିପାରିବ - ଏହାର  କୌଣସି ପ୍ରମାଣ ନାହିଁ   କିନ୍ତୁ ରୋଗର ଲକ୍ଷଣରୁ ସେମାନେ ସାମୟିକ ଆରାମ ପ୍ରଦାନ କରିପାରନ୍ତି |
","ఇంటి రెమడీస్ (ఉదా: అల్లం, వెల్లుల్లి మొదలైనవి) కరోనా వైరస్ నుండి రక్షిస్తాయనడానికి లేదా కరోనా వ్యాధిని నయం చేస్తాయనటానికి ఆధారాలు లేవు. ఇవి లక్షణాల నుంచి తాత్కాలిక ఉపశమనాన్ని మాత్రం అందించవచ్చు.",ಮನೆಮದ್ದುಗಳು COVID-19 ಕಾಯಿಲೆಯಿಂದ ರಕ್ಷಿಸಬಹುದು ಅಥವಾ ಗುಣಪಡಿಸಬಹುದು ಎಂಬುದನ್ನು ಸೂಚಿಸಲು ಯಾವುದೇ ಪುರಾವೆಗಳಿಲ್ಲ. ಅವು ರೋಗಲಕ್ಷಣಗಳಿಂದ ತಾತ್ಕಾಲಿಕ ಪರಿಹಾರವನ್ನು ನೀಡಬಹುದು.,"ঘৰত বনোবা দৰৱে (যেনে : আদা, নহৰু ইত্যাদি) Covid-19 ক বাধা দিব পাৰে বুলি কোনো প্ৰমাণ নাই। এইবোৰে মাত্ৰ সাময়িকভাবে ( অর্থাৎ বহুত কম সময়ৰ বাবে ) ৰোগৰ পৰা আৰাম দিব পাৰে।","Kam don ka sakhi ba kitei ki kynja dawai dih/bam/tah ba shna hi ha їing kum u sying, u rynsun bad kiwei kiwei kin pynkoit na ka Covid19. Ki lah ban pynduna shipor tang їa ki dak jingpang bapaw shabar.",اس بات کا کوئی ثبوت نہیں ہے کہ گھریلو علاج مثال کے طور پہ ادرک یا لہسن کورونا وائرس سے ہماری حفاظت یا ہمیں ٹھیک کر سکتے ہیں۔ ہوسکتا ہےکہ گھریلو علاج علامات کا وقتی طور پہ راحت پہنچا دے۔
Image 7,1,दावा:,दावा:,വാദം: ,दावी:,দাবী:,દાવો:,ਦਾਅਵਾ:,கூற்று:,ଦାବି:,ఆరోపణ:,ದಾವೆ:,দাবী :,Ka jingkam ka bym shisha:,دعویٰ :
,2,योगासने केल्याने माझे कोविड-१९ पासून संरक्षण होऊ शकते.,योगाभ्यास मेरी कोरोना विषाणु से रक्षा करेगा।,യോഗ പരിശീലിക്കുന്നത് എന്നെ അണുബാധയിൽ നിന്ന് സംരക്ഷിക്കും.,"योगको अभ्यास  गर्नाले मलाई कोरोना भाईरसको संक्रमण हुदैन।",যোগব্যয়াম এই ভাইরাসের সংক্রমণ থেকে আমাদের রক্ষা করবে। ,યોગાભ્યાસ કરવો મને કોરોના વાયરસ ચેપથી સુરક્ષિત કરશે.,ਯੋਗ ਦਾ ਅਭਿਆਸ ਕਰਨਾ ਮੈਨੂੰ ਕੋਰੋਨਵਾਇਰਸ ਦੀ ਲਾਗ ਤੋਂ ਬਚਾਏਗਾ.,"யோகா பயிற்சி செய்வது கொரோனா வைரஸ் தொற்றிலிருந்து
என்னைப் பாதுகாக்கும்.","ଯୋଗ ଅଭ୍ୟାସ କରିବା ମୋତେ କରୋନା ଭାଇରସ୍ ସଂକ୍ରମଣରୁ ରକ୍ଷା କରିବ |
",యోగా చేయడం వల్ల నాకు కరోనావైరస్ )ఇన్ఫెక్షన్( నుంచి రక్షణ ఉంటుంది.,ಯೋಗಾಭ್ಯಾಸವು ಕರೋನವೈರಸ್ ಸೋಂಕಿನಿಂದ ನನ್ನನ್ನು ರಕ್ಷಿಸುತ್ತದೆ.,শাৰীৰিক ব্যায়াম বা য়োগা ইত্যাদিয়ে মোক Covid-19 ৰ পৰা বচাব।,Kaba pynmlien ban leh Yoga kan їada їa nga na ka jingpynbit jingpang coronavirus.,یوگا کی مشق کورونا وائرس جیسے متعدی مرض سے بچا سکتی ہے۔
,3,निर्णय:,निर्णय:,ശാസ്ത്രീയ പ്രതികരണം:,निर्णय :,উত্তর:,નિષ્કર્ષ:,ਜਵਾਬ:,தீர்ப்பு:,ନିର୍ଣୟ :,తీర్పు:,ತೀರ್ಪು:,উত্তৰ :,Ka jingshem:,فیصلہ:
,4,बहुतेक शक्य नाही,असत्य होने कि तीव्र संभावना,മിക്കവാറും തെറ്റാണ്,सम्भवत: सत्य होइन।,খুব সম্ভবত ঠিক নয়,મોટે ભાગે ખોટી ,ਗ਼ਲਤ ਹੋ ਸਕਦਾ ਹੈ,பெரும்பாலும் உண்மையல்ல,ଦୃଢ ସମ୍ଭାବ୍ୟ ମିଥ୍ୟା,చాలా మటుకు అబద్ధాలే,ಬಹುಪಾಲು ತಪ್ಪು,সম্ভবত মিছা ।,Ka Lam Bakla ,فیصلہ: امکانی طور پر یہ غلط ہے
,5,(पुरेसा पुरावा नाही),(पर्याप्त सबूत नहीं है),(കൂടുതൽ തെളിവുകൾ ആവശ്യമാണ്),(पर्याप्त प्रमाण छैन),(আরো তথ্য প্রমাণ প্রয়োজন),(વધુ પુરાવા જરૂરી),(ਕਾਫ਼ੀ ਸਬੂਤ ਨਹੀਂ ਹੈ),(போதுமான சான்றுகள் தற்போது இல்லை),(ପର୍ଯ୍ୟାପ୍ତ ପ୍ରମାଣ ନାହିଁ),(తగిన ఆధారాలు లేవు),(ಸಾಕಷ್ಟು ಪುರಾವೆಗಳಿಲ್ಲ),(পর্যাপ্ত প্ৰমাণ নাই),(ym don ki sakhi kiba biang),(اسکے لیے اور ثبوت چاہیے ہونگے)
,6,का?:,क्यों?:,എന്തുകൊണ്ട്?,किन?,কারণ:,શા માટે:,ਕਿਉਂ:,ஏன்:,କାହିଁକି:,ఎందుకు:,ಏಕೆ:,কিয়? :,Balei?,کیوں
,7,इतर व्यायाम पद्धतींप्रमाणेच योगासने केल्याने शरीर निरोगी व तणावमुक्त राहू शकते. निरोगी व्यक्ती कोणत्याही आजारापासून लवकर बऱ्या होऊ शकतात. पण “योगासने केल्याने कोविड-१९ पासून संरक्षण होते” यासाठी कोणताही पुरावा नाही.,"व्यायाम की अन्य शैलियों के समान, नियमित योगाभ्यास आपको तंदरुस्त और स्वस्थ रहने रहने में मदद करता है, और तनाव भी काम करता है। स्वस्थ व्यक्तियों की किसी भी बीमारी से ठीक होने की संभावना ज़्यादा होती है। लेकिन इस बात कोई प्रमाण नहीं है कि नियमित योगाभ्यास से COVID संक्रमण की संभावना कम हो जाती है","മറ്റ് വ്യായാമങ്ങൾ പോലെ, പതിവായി യോഗ പരിശീലിക്കുന്നത് നിങ്ങളെ ആരോഗ്യവതിയായിരിക്കുവാനും സമ്മർദ്ദം കുറയ്ക്കുവാനും സഹായിക്കും.  പക്ഷേ, യോഗ പരിശീലിക്കുന്നവർക്ക്  നോവൽ കൊറോണ വൈറസ് പിടിപെടാനുള്ള സാധ്യത കുറവാണെന്നതിന് തെളിവുകളൊന്നുമില്ല. ആരോഗ്യമുള്ളവർ ഏതു രോഗത്തിൽ നിന്നും വേഗം സുഖപ്പെടാനുള്ള സാധ്യത കൂടുതലാണ്.","अन्य व्यायाम जस्तै, नियमित योगको अभ्यास गर्दा यसले तपाइलाई तन्दरुस्त र स्वस्थ राख्दछ साथै तनावलाई काम गर्छ। सामान्यत: स्वस्थ व्यक्तिलाई कुनै रोग लागे चाडै निको हुने सम्भावना हुन्छ। तर, योग अभ्यासले बिशेसत:  कोभिड-१९ को संक्रमणलाई घटाउने भन्ने कुराको कुनै प्रमाण भेटिदैन।","অন্য যেকোনো ধরনের শরীরচর্চার মতোই নিয়মিত যোগচর্চা মানুষকে কর্মক্ষম, 
সুস্থ রাখে, মানসিক চাপ কমায়। একজন স্বাস্থ্যবান মানুষের যে কোনো রোগ 
প্রতিরোধ করার ক্ষমতা  বেশি। কিন্তু কেবলমাত্র যোগব্যয়াম করলেই যে নভেল করোনা ভাইরাসের সংক্রমণ কমানো সম্ভব এমন  কোনো তথ্য প্রমাণ নেই।","કસરતના અન્ય સ્વરૂપોની જેમ, યોગનો નિયમિત અભ્યાસ કરવો તમને ફીટ અને સ્વસ્થ રાખે છે અને તાણ ઘટાડે છે. તંદુરસ્ત વ્યક્તિઓમાં સામાન્ય રીતે કોઈપણ રોગથી પુન: પ્રાપ્તિ થવાની સંભાવના વધારે હોય છે. પરંતુ, ત્યાં કોઈ પુરાવા નથી કે યોગનો અભ્યાસ કરવાથી ખાસ કરીને કોવિડ ઇન્ફેક્શનની સંભાવના ઓછી થાય છે.","ਕਸਰਤ ਦੇ ਹੋਰ ਤਰੀਕਿਆਂ ਵਾਂਗ, ਨਿਯਮਿਤ ਯੋਗਾ ਦਾ ਅਭਿਆਸ ਕਰਨਾ ਤੁਹਾਨੂੰ ਤੰਦਰੁਸਤ ਰੱਖਦਾ ਹੈ ਅਤੇ ਤਣਾਅ ਨੂੰ ਘਟਾਉਂਦਾ ਹੈ. ਸਿਹਤਮੰਦ ਵਿਅਕਤੀਆਂ ਵਿੱਚ ਆਮ ਤੌਰ ਤੇ ਕਿਸੇ ਬਿਮਾਰੀ ਤੋਂ ਠੀਕ ਹੋਣ ਦੀ ਵਧੇਰੇ ਸੰਭਾਵਨਾ ਹੁੰਦੀ ਹੈ. ਪਰ, ਇਸ ਗੱਲ ਦਾ ਕੋਈ ਸਬੂਤ ਨਹੀਂ ਹੈ ਕਿ ਯੋਗਾ ਦਾ ਅਭਿਆਸ ਕਰਨਾ ਖਾਸ ਤੌਰ 'ਤੇ ਕੋਵਿਡ ਦੀ ਲਾਗ ਦੀ ਸੰਭਾਵਨਾ ਨੂੰ ਘਟਾਉਂਦਾ ਹੈ."," மற்ற வகையான உடற்பயிற்சிகளைப் போலவே, யோகாவைப்
பயிற்சி செய்வதும் உடல் ஆரோக்கியத்துக்கு நல்லது, மற்றும்
மன அழுத்தத்தைக் குறைக்கும் . ஆரோக்கியமான நபர்கள்
பொதுவாக எந்தவொரு நோயிலிருந்தும் மீள கூடுதல் வாய்ப்பு உள்ளது.
ஆனால், யோகா பயிற்சி குறிப்பாக கோவிட் -19 நோய்த்தொற்றுக்கான வாய்ப்பைக் குறைக்கிறது என்பதற்கு எந்த ஆதாரமும் இல்லை.
","ଅନ୍ୟାନ୍ୟ ବ୍ୟାୟାମ ପରି, ନିୟମିତ ଭାବରେ ଯୋଗ ଅଭ୍ୟାସ  କରିବା ଆପଣଙ୍କୁ  ସୁସ୍ଥ ରଖେ ଏବଂ ମନ କୁ ଚିନ୍ତାମୁକ୍ତ କରିବାରେ ସାହାଯ୍ୟ କରେ | ସୁସ୍ଥ ବ୍ୟକ୍ତିମାନଙ୍କର ସାଧାରଣତଃ  ଯେକୌଣସି ରୋଗରୁ ପୁନରୁଦ୍ଧାର ହେବାର ଅଧିକ ସମ୍ଭାବନା ଥାଏ | କିନ୍ତୁ, କୌଣସି ପ୍ରମାଣ ନାହିଁ ଯେ ଯୋଗ ଅଭ୍ୟାସ କରିବା ଦ୍ୱାରା  COVID-19 ସଂକ୍ରମଣର ସମ୍ଭାବନା କମିଯାଏ |","ఇతర రకాల వ్యాయామాల మాదిరిగానే, యోగా క్రమం తప్పకుండా చేయడం వల్ల మిమ్మల్ని ఫిట్ గా మరియు హెల్తీగా ఉంచుతుంది మరియు ఒత్తిడిని తగ్గిస్తుంది. ఆరోగ్యవంతులైన వ్యక్తులకు సాధారణంగా ఏదైనా వ్యాధి నుంచి రికవరీ అయ్యే అవకాశం ఎక్కువగా ఉంటుంది. కానీ, యోగా చేయడం వల్ల ప్రత్యేకంగా కోవిడ్ ఇన్ఫెక్షన్ వచ్చే అవకాశాన్ని తగ్గిస్తుందని ఎలాంటి ఆధారాలు లేవు.","ಇತರ ರೀತಿಯ ವ್ಯಾಯಾಮಗಳಂತೆ, ನಿಯಮಿತವಾದ ಯೋಗಾಭ್ಯಾಸವು ನಿಮ್ಮನ್ನು ಸದೃಢ ಮತ್ತು ಆರೋಗ್ಯವಾಗಿರಿಸುತ್ತದೆ ಮತ್ತು ಮಾನಸಿಕ ಒತ್ತಡವನ್ನು ಕಡಿಮೆ ಮಾಡುತ್ತದೆ. ಆರೋಗ್ಯವಂತ ವ್ಯಕ್ತಿಗಳು ಸಾಮಾನ್ಯವಾಗಿ ಯಾವುದೇ ಕಾಯಿಲೆಯಿಂದ ಚೇತರಿಸಿಕೊಳ್ಳುವ ಸಾಧ್ಯತೆ ಹೆಚ್ಚು. ಆದರೆ, ಯೋಗಾಭ್ಯಾಸವು ನಿರ್ದಿಷ್ಟವಾಗಿ COVID ಸೋಂಕಿನ ಸಾಧ್ಯತೆಯನ್ನು ಕಡಿಮೆ ಮಾಡುತ್ತದೆ ಎಂಬುದಕ್ಕೆ ಯಾವುದೇ ಪುರಾವೆಗಳಿಲ್ಲ.","ব্যায়াম, য়োগা ইত্যাদিয়ে মানুহক সুস্থ-সবল কৰি ৰাখে আৰু মানসিক চাপ কমাই ৰাখে। এনে লোকে সাধাৰণতে সোনকালে ৰোগৰ পৰা আৰাম পায়। কিন্তু ইয়াৰ কোনো প্ৰমাণ নাই যে য়োগা কৰিলে Covid-19ৰ দ্বাৰা আক্ৰান্ত হোবাৰ সম্ভাৱনা কম হয়।","Kumba long kiwei pat ki kilan met, kaba pynmlien ban leh Yoga barabor ka pynlong їa phi ban shait ban khlaiñ bad duna ka jingban khia ka jingmut jingpyrkhat. Ki briew kiba shait ba khlaiñ, bunsien ki kham koit kloi na kino kino ki jingpang. Hynrei, ym don ki sakhi ba biang ban ong ba tang kaba pynmlien ban leh Yoga hi ka lah ban pynduna na ka jingїabit jong ka COVID.",الگ الگ ورزشی مشق کی طرح ، یوگا ہمیں روزانہ یک دم چست و درست رکھتا ہے اور تناؤ کو کم کرتا ہے۔ ایک صحت مند انسان کے پاس کسی مرض سے جلد صحتیاب ہونے کے زیادہ مواقع ہوتے ہیں۔لیکن ایسا کوئی بھی ثبوت نہیں ہے کہ خاص طور پہ یوگا کووڈ کے مضر اثرات کو کم کرتا ہے۔
Image 8,1,दावा:,दावा:,വാദം: ,दावी:,দাবী:,દાવો:,ਦਾਅਵਾ:,கூற்று:,ଦାବି:,ఆరోపణ:,ದಾವೆ:,দাবী :,Ka jingkam ka bym shisha:,دعویٰ :
,2,भारतात सध्या हवामान उष्ण असल्यामुळे कोविड-१९ फार दूरपर्यंत पसरणार नाही.,यह विषाणु भारत में ज़्यादा फैल नहीं सकता क्योंकि भारत एक गर्म देश है।,ഇപ്പോൾ നമുക്ക് ചൂടുള്ള കാലാവസ്ഥ ആയതിനാൽ വൈറസ് ഇന്ത്യയിൽ വ്യാപകമായി പടരാൻ ഇടയില്ല.,"भारतको उस्ण मौसमले गर्दा कोरोना भाईरस भारतमा ज्यादा फैलन सक्दैन।","এই ভাইরাসটি ভারতবর্ষে  ব্যাপক বিস্তার লাভ করতে পারবে না যেহেতু আমাদের 
আবহাওয়া উষ্ণ প্রকৃতির।",ભારતમાં ગરમ વાતાવરણ હોવાથી આપણે વાયરસનો વ્યાપક પ્રમાણમાં ફેલાવો થઈ શકતો નથી.,ਵਾਇਰਸ ਭਾਰਤ ਵਿਚ ਬਹੁਤ ਜ਼ਿਆਦਾ ਫੈਲ ਨਹੀਂ ਸਕਦਾ ਕਿਉਂਕਿ ਸਾਡੇ ਕੋਲ ਗਰਮ ਮੌਸਮ ਹੈ.," நமக்கு வெப்பமான வானிலை இருப்பதால் இந்த வைரஸ்
இந்தியாவில் பரவலாக பரவ முடியாது.

", ଆମର ଉଷ୍ମ ପାଗ ଥିବାରୁ ଏହି ଭୁତାଣୁ ଭାରତରେ ଅଧିକ ବିସ୍ତାର ହୋଇପାରିବ ନାହିଁ।,మనం వేడిగా ఉండే వాతావరణం ఉండటం వల్ల వైరస్ భారతదేశంలో విస్త్రృతంగా వ్యాప్తి చెందుతుంది.,ನಮ್ಮಲ್ಲಿ ಬೆಚ್ಚನೆಯ ಹವಾಮಾನ ಇರುವುದರಿಂದ ವೈರಸ್ ಭಾರತದಲ್ಲಿ ಹೆಚ್ಚು ವ್ಯಾಪಕವಾಗಿ ಹರಡಲು ಸಾಧ್ಯವಿಲ್ಲ.,গৰম বতৰৰ বাবে ভাৰতত Covid-19 ভাইৰাছ বহল ৰূপত বিস্তাৰিত হব নোবাৰে।,U virus um lah ban pur bad saphriang stet ha ri India namar ngi don їa ka jinglong ka suinbneng kaba syaid.,یہ وائرس ہندوستان میں نہیں پھیل سکتا ہے کیونکہ یہاں کا موسم گرم ہے۔
,3,निर्णय:,निर्णय:,ശാസ്ത്രീയ പ്രതികരണം:,निर्णय :,উত্তর:,નિષ્કર્ષ:,ਜਵਾਬ:,தீர்ப்பு:,ନିର୍ଣୟ :,తీర్పు:,ತೀರ್ಪು:,উত্তৰ :,Ka jingshem:,فیصلہ:
,4,बहुतेक शक्य नाही,असत्य होने कि तीव्र संभावना,മിക്കവാറും തെറ്റാണ്,सम्भवत: सत्य होइन।,খুব সম্ভবত ভুল,મોટે ભાગે ખોટી,ਗਲਤ ਹੋਣ ਦੀ ਸੰਭਾਵਨਾ ਹੈ,பெரும்பாலும் உண்மையல்ல,ଦୃଢ ସମ୍ଭାବ୍ୟ ମିଥ୍ୟା,చాలా మటుకు అబద్ధాలే,ಬಹುಪಾಲು ತಪ್ಪು,সম্ভবত মিছা ।,Ka Lam Bakla ,فیصلہ: امکانی طور پر یہ غلط ہے
,5,(पुरेसा पुरावा नाही),(पर्याप्त सबूत नहीं है),(കൂടുതൽ തെളിവുകൾ ആവശ്യമാണ്),(पर्याप्त प्रमाण छैन),(অপর্যাপ্ত তথ্য প্রমাণ),(વધુ પુરાવા જરૂરી),(ਕਾਫ਼ੀ ਸਬੂਤ ਨਹੀਂ ਹਨ),(போதுமான சான்றுகள் தற்போது இல்லை),(ପର୍ଯ୍ୟାପ୍ତ ପ୍ରମାଣ ନାହିଁ),(తగిన ఆధారాలు లేవు),(ಸಾಕಷ್ಟು ಪುರಾವೆಗಳಿಲ್ಲ),(পর্যাপ্ত প্ৰমাণ নাই),(ym don ki sakhi kiba biang),(نا کافی ثبوت)
,6,का?:,क्यों?:,എന്തുകൊണ്ട്?,किन?,কারণ:,શા માટે:,ਕਿਉਂ:,ஏன்:,କାହିଁକି:,ఎందుకు:,ಏಕೆ:,কিয়? :,Balei?,کیوں
,7,"खूप जास्त तापमानामुळे विषाणू मरतात (उदा. उकळवल्याने विषाणू मरतात ),  हे जरी  खरे असले तरी उन्हाळ्यातलं  तापमान कोविड-१९ साठी  मारक असेल का, याबद्दल अस्पष्टता आहे.   त्यामुळे, भारतात कोविड-१९ उन्हाळ्यात पसरणार नाही असे गृहीत धरणे आरोग्याच्या दृष्टीने सुरक्षित नाही. 
ऋतुमानानुसार ह्या कोरोना विषाणूवर काय परिणाम होतील हे आत्ताच सांगणे शक्य नाही.
","यह तो सही है कि बहुत अधिक तापमान इस विषाणु को नष्ट कर देता है (जैसे उबालते समय), पर क्या गर्मियों में बाहर का तापमान इसे नष्ट कर देने के लिए काफी होगा, यह पता नहीं।  इस कारण, अपनी और सबकी सुरक्षा के लिए, हमें यह मान कर नहीं कर चलना चाहिए कि भारत पर इसका प्रभाव कम होगा।  

मौसम के साथ तापमान में बदलाव आने का कोरोना विषाणु पर क्या प्रभाव पड़ेगा यह किसी को पता नहीं है।","വളരെ ഉയർന്ന താപനില (ഉദാ: തിളച്ച വെള്ളം) വൈറസിനെ നശിപ്പിക്കുമെങ്കിലും, വേനൽക്കാല താപനിലയിൽ അത് സംഭവിക്കുമെന്നതിന്  വ്യക്തമായ തെളിവുകളില്ല. അതിനാൽ ഇന്ത്യയെ വലുതായി ബാധിക്കുകയില്ല എന്ന് കരുതുന്നത് സുരക്ഷിതമല്ല. കാലാവസ്ഥ ഈ കൊറോണ വൈറസിനെ എങ്ങനെ ബാധിക്കും എന്ന് ആർക്കും കൃത്യമായി അറിയില്ല.","यद्यपि उच्च तापक्रमले (जस्तै पानी वा दुध उमल्दा) भाईरसलाई नष्ट गर्छ, गर्मी मौसमको बाहिरी तापक्रम भाईरस नष्ट गर्न पर्याप्त भए नभएको कुनै निश्चित बुझाई छैन। त्यसैले, भारतमा  कम संक्रमण हुन्छ भनेर बस्नु सुरक्षित छैन। मौसमी तापक्रमको बदलावको कोरोना भाईरसमा असर पर्ने वा नपर्ने बारे हालसम्म कुनै जानकारी छैन।","যদিও অতিরিক্ত তাপমাত্রা (যেমন - ফোটানোর সময় আগুনের আঁচ)  অবশ্যই ভাইরাসকে  
মেরে দেয় - তবে গরমকালের বাহ্যিক পরিবেশের তাপমাত্রা এর জন্য যথেষ্ট কিনা তা এখনও জানা নেই। অতএব, ভারতবর্ষ যে এই ভাইরাস দ্বারা কম আক্রান্ত হবে সেটা ধরে নেওয়া  নিরাপদ নয়।এই করোনা ভাইরাসটির গতিবিধি ঋতু এবং তাপমাত্রার পরিবর্তনের সাথে কিভাবে পরিবর্তিত হয় তা এখনও অজানা।","તાપમાનમાં ફેરફાર સાથે આ કોરોના વાયરસનું શું થાય છે તે કોઈને ખાતરી માટે નથી. તેમ છતાં ગરમ તાપમાને વાયરસનો નાશ થાય છે (દા.ત. ઉકળતા દરમિયાન), કે કેમ તે સ્પષ્ટ નથી. આથી, એવું માનવું સલામત નથી કે તેથી ભારતને ઓછી અસર થશે. આ કોરોનાવાયરસ પર seasonતુ તાપમાનમાં ફેરફારની અસર જાણી શકાતી નથી.","ਗਰਮੀਆਂ ਵਿਚ ਵੱਧ ਰਹੇ ਤਾਪਮਾਨ ਨਾਲ ਇਸ ਕੋਰੋਨਾਵਾਇਰਸ ਦਾ ਕੀ ਹੁੰਦਾ ਹੈ ਇਸ ਬਾਰੇ ਕੋਈ ਨਹੀਂ ਜਾਣਦਾ. ਹਾਲਾਂਕਿ ਬਹੁਤ ਜ਼ਿਆਦਾ ਤਾਪਮਾਨ ਵਾਇਰਸ ਨੂੰ ਮਾਰਦਾ ਹੈ (ਜਿਵੇਂ ਕਿ ਉਬਲਦੇ ਸਮੇਂ), ਇਹ ਸਪਸ਼ਟ ਨਹੀਂ ਹੈ ਕਿ ਬਾਹਰੀ ਗਰਮੀ ਦੇ ਤਾਪਮਾਨ ਕਾਫ਼ੀ ਹਨ ਜਾਂ ਨਹੀਂ. ਇਸ ਲਈ, ਇਹ ਮੰਨਣਾ ਸੁਰੱਖਿਅਤ ਨਹੀਂ ਹੈ ਕਿ ਭਾਰਤ ਘੱਟ ਪ੍ਰਭਾਵਿਤ ਹੋਏਗਾ.","பருவகால வெப்பநிலை மாற்றங்களுக்கு ஏற்ப கொரோனா வைரஸ் தாக்கம் எத்தகைய மாற்றம் பெரும் என்பதை உறுதியாக கூறமுடியாது. நீர் கொதிநிலை போல கூடுதல் வெப்பநிலையில் நாவல் கொரோனா வைரஸ் செயலிழந்து விடும் என்றாலும் கோடை கால வெப்பநிலை இந்த வைரசை அழிக்க போதுமானதா என்பது தெளிவாகத் தெரியவில்லை. எனவே கோடை வெயிலின் காரணமாக இந்தியாவில் இந்த வைரஸின் தாக்கம் குறைவாக அமையும் என்று கருதி அலட்சியமாக இருப்பது பாதுகாப்பானது அல்ல. நாவல் கொரோனா வைரஸ் மீது பருவ கால வெப்ப நிலை மாற்றத்தின் விளைவு என்ன என்பது தெரியாது.
","ଯଦିଓ ଅତ୍ୟଧିକ ତାପମାତ୍ରା ଭୁତାଣୁମାନଙ୍କୁ ମାରିଦିଏ (ଯଥା ପାଣିରେ ଫୁଟାଇବା  ସମୟରେ), ବାହ୍ୟ ଗ୍ରୀଷ୍ମର ତାପମାତ୍ରା ଏଥିପାଇଁ ଯଥେଷ୍ଟ ଅଧିକ କି ନାହିଁ ତାହା ସ୍ପଷ୍ଟ ହୋଇନାହିଁ | ତେଣୁ, ଭାରତ କମ୍ ପ୍ରଭାବିତ ହେବ ବୋଲି ଅନୁମାନ କରିବା ନିରାପଦ ନୁହେଁ।
 ଏହି କରୋନା ଭାଇରସ୍ ଉପରେ ଋତୁକାଳୀନ ତାପମାତ୍ରାର ପ୍ରଭାବ ଜଣା ନାହିଁ |
","చాలా అధిక ఉష్ణోగ్రత వైరస్ ను చంపుతున్నప్పటికీ (ఉదా. ఉడికించేటప్పుడు), బాహ్య వేసవి ఉష్ణోగ్రతలు తగినంతగా అధికంగా ఉన్నాయో లేదో స్పష్టంగా తెలియదు. అందువల్ల, భారతదేశం తక్కువగా ప్రభావితం అవుతుందని భావించటం సురక్షితం కాదు. ఈ కరోనోవిరస్ పై ఉష్ణోగ్రత )సీజనల్ టెంపరేచర్( మార్పుల ప్రభావం అంతగా తెలియదు.","ಅತಿ ಹೆಚ್ಚಿನ ತಾಪಮಾನವು (ಉದಾ. ಕುದಿಯುವಾಗ) ವೈರಸ್ ಅನ್ನು ಕೊಲ್ಲುತ್ತದೆಯಾದರೂ, ಹೊರಗಿನ ಬೇಸಿಗೆಯ ತಾಪಮಾನವು ಇದಕ್ಕೆ ಸಾಕು ಎಂಬುದು ಸ್ಪಷ್ಟವಾಗಿಲ್ಲ. ಆದ್ದರಿಂದ, COVID ಭಾರತದ ಮೇಲೆ ಕಡಿಮೆ ಪರಿಣಾಮ ಬೀರುತ್ತದೆ ಎಂದು ಭಾವಿಸುವುದು ಸುರಕ್ಷಿತವಲ್ಲ.ಕಾಲೋಚಿತ ತಾಪಮಾನ ಬದಲಾವಣೆಗಳೊಂದಿಗೆ ಈ ಕರೋನವೈರಸ್ ಏನಾಗುತ್ತದೆ ಎಂದು ಯಾರಿಗೂ ಖಚಿತವಾಗಿ ತಿಳಿದಿಲ್ಲ.","বহুত বেছি তাপ, যেনে : উতলোৱা,আদিয়ে ভাইৰাছটোক নষ্ট কৰে যদিও এইটো স্পষ্ট নহয় যে ঘৰৰ বাহিৰৰ গৰমৰ দিনৰ তাপে এই ভাইৰাছবিধক নষ্ট কৰিব পাৰে নে নোৱাৰে। গতিকে এইটো নিৰাপদে মানি লব নোৱাৰি যে ভাৰতত COVID-19 প্ৰভাৱ কম পৰিব।","Watla ka jingskhluit ka bajur ka pynїap їa ki virus (kum haba phon ha um thnam), hynrei kam long thikna pat la ka jingshit ha ka por lyiur ka biang ne em ban pynїap їa ki virus. Kumta, kam long kaba shngain ban antad ba ka India kan ym shah ktah than. Ym pat tip haduh katno ka jingkylla jong ka jingshit jingkhriat ha ki aїom kan ktah їa ka u coronavirus.","اگرچہ بہت زیادہ درجہ حرارت وائرس کو مار دیتا ہے(مثال کے طور پر پانی کو ابالنا) ، یہ اتنا صاف نہیں ہے کہ باہر کا درجہ حرارت کافی زیادہ ہے۔ لہذا ، ایسا فرض کرنا صحیح نہیں ہےکہ ہندوستان پر اسکا اثر کم ہوگا۔
موسمی درجہ حرارت میں بدلاؤ کا اس وائرس پر کیا اثر ہوتا ہے یہ کوئی نہیں جانتا۔"
Image 9,1,दावा:,दावा:,വാദം: ,दावी:,দাবী:,દાવો:,ਦਾਅਵਾ:,கூற்று:,ଦାବି:,ఆరోపణ:,ದಾವೆ:,দাবী :,Ka jingkam ka bym shisha:,دعویٰ :
,2,कोविड-१९ काही जादूटोणा किंवा तत्सम उपायांनी बरा होऊ शकतो.,"कोविड-१९ के कुछ चमत्कारी उपचार हैं। 
",കോവിഡ്-19-നെ ചികിത്സിക്കുന്നതിനു ചില അത്ഭുത മരുന്നുകളുണ്ട്.,"कोभिड-१९ का केहि चमत्कारिक उपचार पद्धती छन्।
",কোভিড-১৯ এর নিরাময়ের জন্য কিছু অলৌকিক পন্থা আছে।,કોવિડ -19 માટે કેટલાક ચમત્કાર ઉપાય છે.,ਕੋਵਿਡ -19 ਲਈ ਕੁਝ ਚਮਤਕਾਰੀ ਉਪਾਅ ਹਨ.,"கோவிட் -19 நோயுக்கு சில அற்புத சிகிச்சைகள் உள்ளன.","COVID-19 ପାଇଁ କିଛି ଚମତ୍କାର ଉପଶମ ଅଛି |
",కరోనా వ్యాధి నుండి రక్షించడం కోసం కొన్ని అద్భుత మందులు మరియు విధానాలు వున్నాయి.,,COVID-19 ৰ কিছুমান বিস্ময়কাৰী পৰিকাৰ আছে।,Don katto katne ki rukom pynkhiah baphylla їa ka COVID-19.,کوویڈ – ١٩ کے کئی معجزی علاج ہیں۔
,3,निर्णय:,निर्णय:,ശാസ്ത്രീയ പ്രതികരണം:,निर्णय :,উত্তর:,નિષ્કર્ષ:,ਜਵਾਬ:,தீர்ப்பு:,ନିର୍ଣୟ :,తీర్పు:,ತೀರ್ಪು:,উত্তৰ :,Ka jingshem:,فیصلہ:
,4,खरं नाही.,असत्य / झूठ !,ശരിയല്ല!,"सत्य होइन।",সত্য নয়।,સાચું નથી!,ਗਲਤ!,உண்மை இல்லை!,ସତ ନୁହେଁ!,ఇది నిజం కాదు!,ನಿಜವಲ್ಲ!,মিছা !,Kam dei kaba shisha!,یہ سچ نہیں ہے۔
,5,,,,,,,,,,,,,,
,6,का?:,क्यों?:,എന്തുകൊണ്ട്?,किन?,কারণ:,શા માટે:,ਕਿਉਂ:,ஏன்:,କାହିଁକି:,ఎందుకు:,ಏಕೆ:,কিয়? :,Balei?,کیوں
,7,"बाजारात ' चमत्कृतिपूर्ण' म्हणून विकल्या जाणाऱ्या  पर्यायी औषधांचे सेवन , तसेच कोविड-१९ वर इलाज करण्यासाठी  कोणतेही विधी/कर्मकांड करणे अपायकारक किंवा निरर्थक ठरू शकते. आपल्याला कोविड-१९ चा संसर्ग झालाय, असे वाटत असल्यास विलगीकरण,  वैद्यकीय सल्ला घेणे किंवा मान्यताप्राप्त केंद्रात कोविड-१९ चे निदान करून घेणे जास्त योग्य!","वैकल्पिक दवाइयों और टोने-टोटके इत्यादि पर आधारित चमत्कारी इलाज आपके लिए नुक़सानदेह या अप्रभावी  हो सकते हैं। 
अगर आपको शंका है कि आप विषाणु से संक्रमित हैं तो बहुत जरूरी है कि आप अपने को सब से दूर रखें। किसी योग्य चिकित्सक की सलाह लें, या किसी अधिकृत प्रयोगशाला में जांच करवायें। 
","ഇതര മരുന്നുകൾ, ആചാരങ്ങൾ എന്നിവയെ അടിസ്ഥാനമാക്കിയുള്ള ഏതെങ്കിലും അത്ഭുത രോഗശാന്തിക്ക് നിങ്ങൾ വിധേയരാകുന്നത് വളരെ അപകടകരവും  നിഷ്ഫലവുമാണ് .  നിങ്ങൾക്ക് വൈറസ് ഉണ്ടെന്ന് നിങ്ങൾ വിശ്വസിക്കുന്നുവെങ്കിൽ, സ്വയം ക്വാറൻറൈൻ ചെയ്യുകയും യോഗ്യതയുള്ള ഒരു ഡോക്ടറെ സമീപിക്കുകയും ചെയ്യുക.  അല്ലെങ്കിൽ ഒരു അംഗീകൃത പരിശോധന കേന്ദ്രം സന്ദർശിക്കുക.","यस्ता वैकल्पिक उपचार पद्धती, औषधि, तथा धार्मिक अनुष्ठानमा बिश्वास गर्नाले यसले काम नगर्ने त छदैंछ, तपाईं थप जोखिममा पर्नुहुन्छ। यदि तपाईंलाई लाग्छ कि तपाईं नोबेल कोरोना भाईरसबाट संक्रमित हुनुहुन्छ, आफुलाई क़्वारेण्टाइन गर्नुहोस अनि दक्ष चिकित्सकलै सम्पर्क गर्नुहोस वा मान्यताप्राप्त परिक्षण केन्द्रमा जानुहोस।","কোভিড-১৯ এর উপশমের জন্য কোনো তন্ত্র-মন্ত্র, ঝাড়-ফুঁক অথবা বিকল্প ঔষধের 
ব্যবহার বিপজ্জনক অথবা ব্যর্থ হতে পারে। আপনি যদি মনে করেন আপনি ভাইরাস 
আক্রান্ত, নিজেকে অন্যদের থেকে পৃথক রাখুন এবং সঠিক যোগ্যতা থাকা কোনো  
ডাক্তারের পরামর্শ নিন অথবা অনুমোদিত পরীক্ষা কেন্দ্রে যোগাযোগ করুন।","પૂરવણીઓ, વૈકલ્પિક દવાઓ અથવા અન્ય ધાર્મિક વિધિઓના આધારે કોઈ પણ ચમત્કારિક ઉપાયને પોતાને આધિન જોખમી અથવા બિનઅસરકારક હોઈ શકે છે. જો તમને લાગે છે કે તમને વાયરસ છે, તો પોતાની જાતને અલગ કરો અને લાયક ડ doctorક્ટરની સલાહ લો અથવા અધિકૃત પરીક્ષણ કેન્દ્રની મુલાકાત લો.","ਪੂਰਕ, ਵਿਕਲਪਕ ਦਵਾਈਆਂ ਜਾਂ ਹੋਰ ਰਸਮਾਂ ਦੇ ਅਧਾਰ ਤੇ ਆਪਣੇ ਆਪ ਨੂੰ ਕਿਸੇ ਚਮਤਕਾਰ ਦੇ ਇਲਾਜ਼ ਦੇ ਅਧੀਨ ਕਰਨਾ ਬਹੁਤ ਖ਼ਤਰਨਾਕ ਹੋ ਸਕਦਾ ਹੈ. ਜੇ ਤੁਹਾਨੂੰ ਲਗਦਾ ਹੈ ਕਿ ਤੁਹਾਨੂੰ ਵਾਇਰਸ ਹੈ, ਤਾਂ ਆਪਣੇ ਆਪ ਨੂੰ ਅਲੱਗ ਕਰੋ ਅਤੇ ਇਕ ਯੋਗ ਡਾਕਟਰ ਦੀ ਸਲਾਹ ਲਓ ਜਾਂ ਕਿਸੇ ਅਧਿਕਾਰਤ ਟੈਸਟਿੰਗ ਸੈਂਟਰ 'ਤੇ ਜਾਓ.","அற்புத மருந்துகள் , மாற்று மருந்துகள் அல்லது பிற சடங்குகள்
உங்களை குணப்படுத்தும் என்று நம்பி அதனை கைக் கொள்வது பயன் தராது ,உங்களுக்கு மாறாக ஆபத்து விளைவிக்க கூடும். உங்களுக்கு வைரஸ் தொற்று இருப்பதாக நீங்கள் நம்பினால், உங்களைத் தனிமைப்படுத்திக் கொண்டு, தகுதிவாய்ந்த மருத்துவரின் ஆலோசனை பெறவும் அல்லது அங்கீகரிக்கப்பட்ட பரிசோதனை மையத்தை அணுகவும்.","ସପ୍ଲିମେଣ୍ଟ, ବିକଳ୍ପ ଔଷଧ କିମ୍ବା ଅନ୍ୟାନ୍ୟ ରୀତିନୀତି ଉପରେ ଆଧାର କରି ଯେକୌଣସି ଚମତ୍କାର ଉପଶମ ନିଜ ଉପରେ ପ୍ରୟୋଗ କରିବା  ବିପଜ୍ଜନକ କିମ୍ବା ପ୍ରଭାବହୀନ ହୋଇପାରେ | ଯଦି ଆପଣଙ୍କ ଶରୀରରେ ଭୂତାଣୁ  ଅଛି ବୋଲି ସନ୍ଦେହ କରୁଛନ୍ତି, ନିଜକୁ ଅନ୍ୟ ମାନଙ୍କ ସମ୍ପର୍ସ ରେ ଆସିବାକୁ ଦିଅନ୍ତୁ ନାହି ଏବଂ ଜଣେ ଯୋଗ୍ୟ ଡାକ୍ତରଙ୍କ ସହିତ ପରାମର୍ଶ କରନ୍ତୁ କିମ୍ବା ଏକ ପ୍ରାଧିକୃତ ପରୀକ୍ଷା କେନ୍ଦ୍ରକୁ ଯାଆନ୍ତୁ |
","సప్లిమెంట్లు, ప్రత్యామ్నాయ ఔషధాలు లేదా ఇతర ఆచారాల ఆధారంగా కరోనా వ్యాధిని నయం చేయడం ప్రమాదకరం లేదా అసమర్థమైనది కావచ్చు. ఒకవేళ మీకు వైరస్ ఉన్నదని మీరు విశ్వసిస్తున్నట్లయితే, మీరు అందరికి దూరంగా వుండండి మరియు అర్హత కలిగిన వైద్యుడిని సంప్రదించండి లేదా అధీకృత టెస్టింగ్ సెంటర్ ని సందర్శించండి.","ಪರ್ಯಾಯ ಔಷಧಿಗಳನ್ನು ಅಥವಾ ಇತರ ಧಾರ್ಮಿಕ ಆಚರಣೆಗಳನ್ನು ನಂಬಿದರೆ ನಿಮಗೆ ತುಂಬಾ ಅಪಾಯಕಾರಿ ಅಥವಾ ನಿಷ್ಪ್ರಯೋಜಕವಾಗಬಹುದು. ನಿಮಗೆ ವೈರಸ್ ಇದೆ ಎಂದು ನೀವು ಭಾವಿಸಿದರೆ, ನಿಮ್ಮನ್ನು ಪ್ರತ್ಯೇಕಿಸಿಕೊಳ್ಳಿ ಮತ್ತು ಅರ್ಹ ವೈದ್ಯರನ್ನು ಸಂಪರ್ಕಿಸಿ ಅಥವಾ ಅಧಿಕೃತ ಪರೀಕ್ಷಾ ಕೇಂದ್ರಕ್ಕೆ ಭೇಟಿ ನೀಡಿ.","নিজকে বিস্ময়কাৰী পৰিকাৰৰ নামত প্ৰমানবিহীন চিকিৎসা অথবা দৰবৰ হাতত সপি দিলে আপুনি নিজৰ জীৱনলৈ বিপদ মাতি আনিব পাৰে। যদি আপুনি ভাবে COVID-19 ভাইৰাছ আপোনাৰ দেহত আছে, তেন্তে নিজকে অকলশৰীয়া কৰক আৰু প্ৰমাণিত ডাক্তৰৰ বা অনুজ্ঞা  পত্ৰ থকা কোনো COVID-19 ৰ পৰীক্ষা কেন্দ্ৰত যোগাযোগ কৰক।","Kaba pynngeit їa lade ha kino kino ki jingpynkhiah baphylla da kaba shaniah ha kino kino ki kynja dawai shna hi, ki dawai ba shu thied hi lane ha kino kino ki jinglehniam / jingknia kan ym їarap bad ka long kaba ma. Lada phi shem ba phi don virus, pynkyrpang їa lade lane set їa lade ban lait na ka jingpynphriang, їasyllok bad wad jingtip bathikna na ki doktor lane leit mih sha ki jaka test ba la ithuh da ka sorkar.",اپنے آپ کو متبادل دواؤں اور طریقہ علاج کے تابع کرنا تبا ہ کن اور غیر موثر ثابت ہوسکتا ہے۔اگر آپ کو لگتا ہے کہ آپ کو وائرس ہے تو آپ اپنے آپ کو الگ تھلگ رکھیں اور کسی بھی قابل ڈاکٹر سے رجوع کریں یا کسی ایسے جانچ کے مرکز میں جائیں جنھیں جانچ کا اختیار حاصل ہے۔
Image 10,1,दावा:,दावा:,വാദം: ,दावी:,দাবী:,દાવો:,ਦਾਅਵਾ:,கூற்று:,ଦାବି:,ఆరోపణ:,ದಾವೆ:,দাবী :,Ka jingkam ka bym shisha:,دعویٰ :
,2,भारतीयांमध्ये कोविड-१९ च्या विरोधात रोगप्रतिकारशक्ती अधिक उत्तम आहे.,"भारतीय लोग कोरोना विषाणु के प्रति बेहतर रोग प्रतिरोधक शक्ति रखते है।",നോവൽ കൊറോണ വൈറസിനെതിരെ ഇന്ത്യക്കാർക്ക് മെച്ചപ്പെട്ട പ്രതിരോധശേഷി ഉണ്ട്.,नोबेल कोरोना भाईरससंग लड्नको लागि भारतीयहरुको रोक प्रतिरक्षा प्रणाली (इम्युनिटी) उच्च छ।,"নভেল করোনা ভাইরাস মোকাবিলা করার জন্য ভারতীয়দের আলাদা প্রতিরোধ 
ক্ষমতা আছে।",ભારતીયોમાં નવલ કોરોના વાયરસ સામે વધુ સારી પ્રતિરક્ષા છે.,ਨਾਵਲ ਕੋਰੋਨਾਵਾਇਰਸ ਦੇ ਵਿਰੁੱਧ ਭਾਰਤੀਆਂ ਵਿੱਚ ਬਿਹਤਰ ਛੋਟ ਹੈ.,,"ନୋଭେଲ କରୋନା ଭାଇରସ୍ ସମକ୍ଷରେ ଭାରତୀୟମାନଙ୍କର ଉତ୍ତମ ପ୍ରତିରକ୍ଷା ଅଛି |
",భారతీయులకు మంచి రోగనిరోధక శక్తి ఉండడం వల్ల వారిని కరోనావిరస్ ఏమీ చెయ్యదు.,ಹೊಸ ಕೊರೋನವೈರಸ್ ವಿರುದ್ಧ ಭಾರತೀಯರಿಗೆ ಉತ್ತಮ ರೋಗನಿರೋಧಕ ಶಕ್ತಿ ಇದೆ.,ভাৰতীয় লোকৰ COVID-19 ৰ বিৰুদ্ধে আনৰ তুলনাত ভাল প্ৰতিৰোধক ক্ষমতা আছে।,Ki nong India ki don їa ka bor met kaba kham khlaiñ ban їaleh pyrshah їa u novel coronavirus.,: ہندوستانیوں کے پاس نئے کورونا وائرس کے خلاف قوتِ مدافعت زیادہ بہتر ہے۔
,3,निर्णय:,निर्णय:,ശാസ്ത്രീയ പ്രതികരണം:,निर्णय :,উত্তর:,નિષ્કર્ષ:,ਜਵਾਬ:,தீர்ப்பு:,ନିର୍ଣୟ :,తీర్పు:,,উত্তৰ :,Ka jingshem:,فیصلہ:
,4,बहुतेक शक्य नाही,असत्य होने कि तीव्र संभावना,മിക്കവാറും തെറ്റ്,सम्भवत: सत्य होइन।,খুব সম্ভবত ভুল,મોટે ભાગે ખોટી,ਸੰਭਵ ਤੌਰ 'ਤੇ ਗਲਤ,பெரும்பாலும் உண்மையல்ல,ଦୃଢ ସମ୍ଭାବ୍ୟ ମିଥ୍ୟା,చాలా మటుకు అబద్ధాలే,ಬಹುಪಾಲು ತಪ್ಪು,সম্ভবত মিছা ।,Ka Lam Bakla ,فیصلہ: امکانی طور پر یہ غلط ہے
,5,(पुरेसा पुरावा नाही),(पर्याप्त सबूत नहीं है),(കൂടുതൽ തെളിവുകൾ ആവശ്യമാണ്),(पर्याप्त प्रमाण छैन),(আরও তথ্য প্রমাণ প্রয়োজন),(વધુ પુરાવા જરૂરી),(ਕਾਫ਼ੀ ਸਬੂਤ ਨਹੀਂ),(போதுமான சான்றுகள் தற்போது இல்லை),(ପର୍ଯ୍ୟାପ୍ତ ପ୍ରମାଣ ନାହିଁ),(తగిన ఆధారాలు లేవు),(ಸಾಕಷ್ಟು ಪುರಾವೆಗಳಿಲ್ಲ),(পর্যাপ্ত প্ৰমাণ নাই),(ym don ki sakhi kiba biang),(اسکے لیے اور ثبوت چاہیے ہونگے)
,6,का?:,क्यों?:,എന്തുകൊണ്ട്?,किन?,কারণ:,શા માટે:,ਕਿਉਂ:,ஏன்:,କାହିଁକି:,ఎందుకు:,ಏಕೆ:,কিয়? :,Balei?,کیوں
,7,परदेशात राहणाऱ्या तसेच भारतात राहणाऱ्या भारतीय वंशाच्या नागरिकांमध्ये कोविड-१९ ची मोठ्या प्रमाणात लागण झाली आहे. अमेरिका व युरोप येथील कोविड-१९ चे रुग्ण बघता हा आजार सगळ्याच वंशाच्या लोकांमध्ये पसरत आहे.,"आपको मालूम ही होगा कि भारतीय मूल के लोग, भारत में और भारत के बाहर भी, काफी मात्रा में संक्रमित हो चुके हैं। कई यूरोपीय देशों में और न्यूयॉर्क जैसे शहरों में, अलग-अलग नस्लों के कई लोग कोरोना विषाणु से संक्रमित हो चुके हैं।","വിദേശത്തും ഇന്ത്യയിലുമുള്ള ഇന്ത്യക്കാരെ ഈ രോഗം ഗണ്യമായ തോതിൽ തന്നെ ബാധിച്ചിട്ടുണ്ട്.  വളരെയധികം വംശീയ വൈവിധ്യമുള്ള ന്യൂയോർക്ക് സിറ്റിയിലും, വിവിധ യൂറോപ്യൻ രാജ്യങ്ങളിലും നോവൽ കൊറോണ വൈറസ് എല്ലാ വംശീയ പശ്ചാത്തലത്തിലുള്ള ആളുകളെയും ബാധിക്കുന്നതായാണ് കാണുന്നത്. ","स्वदेश तथा विदेशमा रहेका भारतीयहरु उलेख्य रुपमा संक्रमित भएका छन्। नोबेल कोरोना भाईरसले सबै जात र समुदायका व्यक्तिहरुलाई संक्रमण गरेको छ। यो कुरा विभिन्न जनजातिले भरिएको संयुक्त राज्य अमेरिकाको न्युयोर्क सहर तथा युरोपियन देशहरुमा भएको संक्रमणले पुस्टि गर्दछ।
","বিদেশে কিংবা ভারতে বসবাসকারী অনেক ভারতীয়ই এই ভাইরাস দ্বারা আক্রান্ত।জাতি 
বৈচিত্র্য আছে, পৃথিবীর এমন বিভিন্ন  জায়গায় - যেমন নিউ ইয়র্ক, এবং 
একাধিক ইয়োরোপীয় দেশে, এই নভেল করোনা ভাইরাস জাতি বর্ণ নির্বিশেষে মানুষের মধ্যে  সংক্রামিত হয়েছে।",વિદેશમાં અને ભારતમાં ભારતીયો નોંધપાત્ર સંખ્યામાં સંક્રમિત થયા છે. નવલ કોરોના વાયરસ ન્યુ યોર્ક સિટી અને વિવિધ યુરોપિયન દેશો જેવા જાતિગત વૈવિધ્યસભર સ્થળો ધરાવતા લોકોને ચેપ લગાવી રહી છે.,"ਜਿਵੇਂ ਕਿ ਨਿ ਨ੍ਯੂ ਯੋਕ ਸਿਟੀ ਅਤੇ ਵੱਖ ਵੱਖ ਯੂਰਪੀਅਨ ਦੇਸ਼ਾਂ ਵਿੱਚ ਦੇਖਿਆ ਜਾਂਦਾ ਹੈ, ਨਾਵਲ ਕੋਰੋਨਾਵਾਇਰਸ ਸਾਰੇ ਜਾਤੀਗਤ ਪਿਛੋਕੜ ਵਾਲੇ ਲੋਕਾਂ ਨੂੰ ਸੰਕਰਮਿਤ ਕਰ ਰਿਹਾ ਹੈ. ਵਿਦੇਸ਼ਾਂ ਅਤੇ ਭਾਰਤ ਵਿਚ ਭਾਰਤੀਆਂ ਨੂੰ ਵੱਡੀ ਗਿਣਤੀ ਵਿਚ ਸੰਕਰਮਿਤ ਕੀਤਾ ਗਿਆ ਹੈ.","உள்ளூர் மற்றும் வெளிநாடு வாழ் இந்தியர்கள் இடையே கணிசமாக நோய் தொற்று ஏற்பட்டுள்ளது. பல்வேறு இனத்தவர்கள் சேர்ந்து வாழும் நியூயார்க் நகரம் மற்றும் பல்வேறு ஐரோப்பிய நாடுகளில் இன வேறுபாடு இன்றி அனைவருக்கும் நாவல் கொரோனா வைரஸ் தொற்று ஏற்படுகிறது.","ଉଭୟ ବିଦେଶରେ ଏବଂ ଭାରତରେ ଭାରତୀୟମାନେ ବହୁ ସଂଖ୍ୟାରେ ସଂକ୍ରମିତ ହୋଇଛନ୍ତି। ନୋଭେଲ କରୋନା ଭାଇରସ ଜାତିଗତ ଭେଦଭାବ ନକରି ନ୍ୟୁୟର୍କ ସହର ଏବଂ ବିଭିନ୍ନ ୟୁରୋପୀୟ ଦେଶରେ ସମସ୍ତ ପ୍ରକାର ଜାତିର ଲୋକଙ୍କୁ ସଂକ୍ରମିତ କରୁଛି |",విదేశాల్లో వుండే భారతీయులు గణనీయమైన సంఖ్యలో ఈ వ్యాధికి గురయ్యారు. న్యూయార్క్ నగరం మరియు వివిధ ఐరోపా దేశాల వంటి జాతిపరంగా వైవిధ్యభరితమైన ప్రదేశాల్లో ఉన్న వ్యక్తులు కూడా ఈ కరోనావిరస్ కు గురయ్యారు.,"ವಿದೇಶದಲ್ಲಿ ಮತ್ತು ಭಾರತದಲ್ಲಿ ಭಾರತೀಯರು ಗಮನಾರ್ಹ ಸಂಖ್ಯೆಯಲ್ಲಿ ಸೋಂಕಿಗೆ ಒಳಗಾಗಿದ್ದಾರೆ. ನ್ಯೂಯಾರ್ಕ್ ನಗರ ಮತ್ತು ಯುರೋಪಿಯನ್ ದೇಶಗಳಲ್ಲಿ ಕಂಡುಬಂದಿರುವಂತೆ, ಕೊರೋನವೈರಸ್ ಸೋಂಕು ಎಲ್ಲಾ ಜನಾಂಗೀಯ ಹಿನ್ನೆಲೆಯುಳ್ಳ ಜನರಿಗೆ ತಗುಲುತ್ತಿದೆ.","স্বদেশী অথবা বিদেশী, COVID-19 ত বহুতো মানুহ আক্ৰান্ত হৈছে। ই সকলো ধৰণৰ / প্ৰজাতিৰ মানুহক আক্ৰমণ কৰিছে। যেনে: NEW YORK আৰু ইউৰোপৰ বহুতো দেশ।",Kiba bun bah ki nong Inida kiba don shabar ri bad ha ri India ki la shah ktah ha kane ka jingpang. U novel coronavirus u їabit bad ktah baroh ki jaitbynriew ha ki jaka bapher bapher kum ha ka nongbah New York bad kiwei pat ki ri ha Europe.,بیرونِ ممالک اور ہندوستان میں بہت سے ہندوستانی قابلِ ذکر تعداد میں متاثر ہوئے ہیں۔ یہ نیاکورونا وائرس تمام طرح کی نسلوں کو متاثر کر رہا ہے جیسے کہ سب سے نسلی طور پر الگ نیویارک شہر اور مختلف یورپی ممالک۔
Image 11,1,दावा:,दावा:,വാദം: ,दावी:,দাবী:,દાવો:,ਦਾਅਵਾ:,கூற்று:,ଦାବି:,,ದಾವೆ:,দাবী :,Ka jingkam ka bym shisha:,دعویٰ :
,2,भारतात पसरलेला कोरोनाविषाणू इतरांपेक्षा कमी प्रभावशाली आहे.,"   भारत मे पाया गया नया कोरोना विषाणु कम खतरनाक है।",ഇന്ത്യയിലെ കൊറോണ വൈറസ് ഇനം അപകടം കുറഞ്ഞതാണ്.,"भारतमा भेटिएको नोबेल कोरोना भाईरस कम हानिकारक छ।","ভারতে যে বিশেষ প্রকৃতির নভেল করোনা ভাইরাসটি এসেছে, সেটি কম মারাত্মক।",ભારતમાં નવલ કોરોનાવાયરસ વિવિધતા ઓછી જોખમી છે.,ਭਾਰਤ ਵਿਚ ਨਾਵਲ ਕੋਰੋਨਾਵਾਇਰਸ ਦੀ ਕਿਸਮ ਘੱਟ ਮਾਰੂ ਹੈ.,," ଭାରତରେ ସଂକ୍ରମିତ ନୋଭେଲ କରୋନା ଭାଇରସ୍ କମ ବିପଜ୍ଜନକ ଅଟେ |
",భారత్ లో ఉన్న ఈ కొత్త కరోనావైరస్ వెరైటీలు తక్కువ ప్రమాదకరమైనవి.,ಭಾರತದಲ್ಲಿರುವ ಈ ಹೊಸ ಕೊರೊನಾವೈರಸ್ ನ ಪ್ರಭೇದ ಕಡಿಮೆ ಅಪಾಯಕಾರಿ.,ভাৰতত পোৱা নতুন কৰণা ভাইৰাছ কম বিপদজনক।,U jait novel coronavirus ha India um da don jingma than.,نئے کورونا وائرس کی اقسام ہندوستان میں کم خطرناک ہے۔
,3,निर्णय:,निर्णय:,ശാസ്ത്രീയ പ്രതികരണം:,निर्णय :,উত্তর:,નિષ્કર્ષ:,ਜਵਾਬ:,தீர்ப்பு:,ନିର୍ଣୟ :,తీర్పు:,ತೀರ್ಪು:,উত্তৰ :,Ka jingshem:,فیصلہ:
,4,पुरेसा पुरावा नाही,पर्याप्त सबूत नहीं है,മതിയായ തെളിവുകൾ ഇല്ല,"पर्याप्त प्रमाण छैन।",কোনো প্রমাণ নেই।,કોઈ પુરાવા નથી,ਸ਼ਾਇਦ ਗਲਤ,போதுமான சான்றுகள் தற்போது இல்லை,ପର୍ଯ୍ୟାପ୍ତ ପ୍ରମାଣ ନାହିଁ,తగిన ఆధారాలు లేవు,ಸಾಕಷ್ಟು ಪುರಾವೆಗಳಿಲ್ಲ,পর্যাপ্ত প্ৰমাণ নাই,ym don ki sakhi kiba biang,اسکا کوئی ثبوت نہیں
,5,,,,,,,,,,,,,,
,6,का?:,क्यों?:,എന്തുകൊണ്ട്?,किन?,কারণ:,શા માટે:,ਕਿਉਂ:,ஏன்:,କାହିଁକି:,ఎందుకు:,ಏಕೆ:,কিয়? :,Balei?,کیوں
,7,"संशोधकांच्या एका गटाने असा दावा केला आहे की भारतात पसरलेला कोरोना विषाणू हा कमी प्रभावशाली आहे. परंतु, हा संशोधन अहवाल फारच तुटपुंज्या माहितीवर (विषाणूच्या केवळ एका नमुन्यात आढळलेले केवळ काही बदल) आधारित असल्याने कोणत्याही निष्कर्षापर्यंत पोचणे घाईचे ठरेल. या बदलांचा विषाणूसंसर्गावर होणाऱ्या परिणामांचा अभ्यास अजून कोणीही केलेला नाही. भारतात या संदर्भात अजून भरपूर संशोधन करण्याची गरज आहे.","यह सत्य है कि एक शोधपत्रिका में यह दावा किया गया है कि भारत मे पाया जाने वाला कोरोना विषाणु कमजोर है. परन्तु यह दावा बहुत ही कम जानकारी के आधार पर किया गया है (मात्र एक विषाणु के परिक्षण में पाए गए कुछ परिवर्तन). इस बात पर भी अभी तक कोई अनुसंधान नहीं किया गया है कि इस परिवर्तन से इस विषाणु की मानवों को संक्रमित करने की  क्षमता पर क्या प्रभाव पड़ा है। इसलिए ऐसा दावा करने से पहले भारत में इस विषय पर अधिक अनुसंधान होने की  आवश्यकता है। 
",ഒരു പഠനം ഇന്ത്യയിലെ വൈറസ് ദുർബലമാണെന്ന് അവകാശപ്പെടുന്നുണ്ട്.  ഈ വാദം ഒരൊറ്റ വൈറൽ ജീനോം സീക്വൻസിനെ അടിസ്ഥാനമാക്കിയുള്ളതാണ് - ഇന്ത്യയിൽ നിലവിലുള്ള കേസുകളിൽ ചിലതിനെങ്കിലും ഈ വീര്യം കുറഞ്ഞ വൈറസ്  ഇനം കാരണമാണോ എന്ന് മനസിലാക്കുന്നതിന്  പോലും വളരെയധികം പഠനങ്ങൾ നടത്തേണ്ടതുണ്ട്! ,"एउटा अध्ययनले दावी गरेको छ कि भारतमा देखिएको कोरोन भाईरस कमजोर छ। तथापी, अहिले नै यस्तो निस्कर्ष निकाल्नु मुर्खता हुन्छ, किनकि यो केवल एउटा मात्रै तथ्यांक (एउटा भाइरल जीनोममा भएको म्युटेसन) को आधारमा गरिएको दावी हो। साथै यो म्युटसनले ","একটি মাত্র পরীক্ষা দাবী করেছে ভারতে উপস্থিত ভাইরাসটি 'দুর্বল'। তবে শুধুমাত্র 
তার ওপর ভিত্তি করেই এখনি কিছু বলা সম্ভব নয়, কারণ খুব স্বল্প পরিমাণ তথ্য 
(একটি মাত্র ভাইরাল জিনোম এর কয়েকটি মিউটেশান) নিয়েই এই কাজটি  করা হয়েছে। সবচেয়ে গুরুত্বপূর্ণ হল যে ওই বিশেষ মিউটেশানগুলি ভাইরাসটির মতই মানুষের শরীরকে আক্রমণ করে কি না তা এখনো যাচাই করা হয়নি। ভারতবর্ষে আরও কাজ হওয়া প্রয়োজন এই বিষয়টি নিয়ে।
","એક અધ્યયનમાં દાવો કરવામાં આવ્યો છે કે ભારતમાં વાયરસ ‘નબળો’ છે. જોકે, આ દાવો કરવો અકાળ છે, કારણ કે તે ખૂબ ઓછા ડેટા પર આધારિત છે (થોડા પરિવર્તનો સાથેનો એક વાયરલ જિનોમ); અને કોઈએ પરીક્ષણ કર્યું નથી કે શું આ પરિવર્તનોથી વાયરસ મનુષ્યને કેવી રીતે ચેપ લગાવે છે તેની અસર પડે છે. આપણે ભારતમાં ઘણું વધારે કામ કરવાની જરૂર છે!","ਇੱਕ ਅਧਿਐਨ ਵਿੱਚ ਦਾਅਵਾ ਕੀਤਾ ਗਿਆ ਹੈ ਕਿ ਭਾਰਤ ਵਿੱਚ ਵਾਇਰਸ ‘ਕਮਜ਼ੋਰ’ ਹੈ। ਹਾਲਾਂਕਿ, ਇਹ ਦਾਅਵਾ ਕਰਨਾ ਸਮੇਂ ਤੋਂ ਪਹਿਲਾਂ ਹੈ, ਕਿਉਂਕਿ ਇਹ ਬਹੁਤ ਘੱਟ ਡੇਟਾ 'ਤੇ ਅਧਾਰਤ ਹੈ. ਸਾਨੂੰ ਭਾਰਤ ਵਿਚ ਹੋਰ ਬਹੁਤ ਸਾਰੇ ਕੰਮ ਕਰਨ ਦੀ ਜ਼ਰੂਰਤ ਹੈ!","ஒரு ஆய்வு இந்தியாவில் பரவும் வைரஸ் வலிமை குன்றிய வீச்சு கொண்டது என கூறுகிறது. ஒரு சில மரபணு தீடீர் மாற்றம் ஏற்பட ஒரே ஒரு வைரஸ் மரபணுத்தொகுதியை வைத்து, வெகு குறைவான தரவுகளின் அடிப்படையில் இந்த முடிவு அமைவதால் அதனை
உறுதியாக ஏற்க இயலாது. மேலும் இந்த தீடீர் மாற்றங்களின் விளைவாக அந்த வைரஸ் மனிதர்களை தொற்றும் வீச்சில் எதாவது மாற்றங்கள் உள்ளனவா என ஆராய்ச்சி எதுவும் மேற்கொள்ளப்படவில்லை. மேலதிக ஆய்வுகளை இந்தியாவில் நாம் மேற்கொள்ள வேண்டும்.
","ଏକ ଅଧ୍ୟୟନ ଦାବି କରିଛି ଯେ ଭାରତରେ ଏହି ଭୂତାଣୁ ଦୁର୍ବଳ ଅଟେ। ତଥାପି, ଏହା ଦାବି କରିବା ସମୟପୋଯୋଗୀ ନୁହେଁ  କାରଣ ଏହା ବହୁତ କମ୍ ତଥ୍ୟ (ଅଳ୍ପ କିଛି ମ୍ୟୁଟେସନ ସହିତ ମାତ୍ର ଗୋଟିଏ ଭାଇରାଲ୍ ଜିନୋମ୍) ଉପରେ ଆଧାରିତ। ଏବଂ କୋରୋନାବାଇରସ ର ଏହି ପରିବର୍ତ୍ତନଗୁଡିକ  ମଣିଷ ଶରୀରରେ  କିପରି ପ୍ରଭାବିତ କରେ, ତାହା କେହି ପରୀକ୍ଷା କରି ନାହାଁନ୍ତି। ଭାରତରେ ଆମକୁ ଆହୁରି ଅଧିକ କାମ କରିବାକୁ ପଡିବ !
","భారత్ లో వైరస్ ' బలహీన ' పడిందని ఒక అధ్యయనం ఆరోపించింది. అయితే, ఇది నిజం అనటానికి తగినన్ని ఆధారాలు లేవు, ఎందుకంటే ఇది చాలా తక్కువ పరిశోధన (కొన్ని ఉత్పరివర్తనాలతో ఒక ఒకే వైరస్ జన్యురాశి) ఆధారంగా ఉంది; ఈ ఉత్పరివర్తనం వల్ల వైరస్ లు ఎలా సోకుతాయో మరియు ఎలా ప్రభావితం చేస్తాయో ఇంకా ఎవరికీ పరీక్ష చేయలేదు. భారతదేశంలో చేయవలసిన పరిశోధన మరియు ప్రయోగాలు ఇంకా చాలా అవసరం!","ಭಾರತದಲ್ಲಿರುವ ವೈರಸ್ ‘ದುರ್ಬಲ’ ಎಂದು ಒಂದು ಅಧ್ಯಯನ ಹೇಳಿದೆ. ಆದರೂ, ಈ ಫಲಿತಾಂಶ ಬಹಳ ಕಡಿಮೆ ಮಾಹಿತಿಯನ್ನು ಆಧರಿಸಿದೆ (ಕೆಲವು ರೂಪಾಂತರಗಳನ್ನು ಹೊಂದಿರುವ ಒಂದೇ ವೈರಲ್ ಜೀನೋಮ್); ಮತ್ತು ಈ ರೂಪಾಂತರಗಳು ವೈರಸ್ ಮನುಷ್ಯರಿಗೆ ಹೇಗೆ ಸೋಂಕು ತಗುಲಿಸುತ್ತದೆ ಎಂಬುದನ್ನು ಯಾರೂ ಪರೀಕ್ಷಿಸಿಲ್ಲ. ಭಾರತದಲ್ಲಿ ಇನ್ನೂ ಹೆಚ್ಚಿನ ಅಧ್ಯನಗಳು ಬೇಕು!",এটা সমীক্ষাই কৈছে যে ভাৰতত পোৱা COVID-19 দুৰ্বল। কিন্তু ই সম্পূৰ্ণৰূপে ভৰসাৰ যোগ্য নহয় কাৰণ তথ্যৰ পৰিমাণ বহুতেই কম আছিল (মাত্ৰ এটা ভাইৰেল জিনোম আৰু কিছু উৎপৰিৱৰ্তন (mutation)); আৰু এইটো কোনেও পৰীক্ষা কৰা নাই যে এনেবোৰ mutation এ মানুহৰ দেহত ভাইৰাছতোৰ প্ৰভাৱ কেনেদৰে পেলায়। ভাৰতত আৰু বহুতো সমীক্ষা আৰু প্ৰয়োগৰ দৰকাৰ আছে।,"Kawei ka wad bniah ka kam ba u virus ha India u ‘tlot bor’. Hynrei, ka dang kloi palat ban kam kumtei, namar їa kane la pynshong nongrim tang ha ki data ba dang duna bha (ka jingsaphriang jong iwei i phniang virus ha ki jingkylla dur ba malu mala); bad ym pat don mano mano ba test halor kumno ba kine ki jingkylla dur ki ktah lane їabit ha ki briew. Ngi dang donkam shibun ka jingwad bniah ha India.",ایک دعویٰ ہےکہ ہندوستان میں یہ وائرس کمزور ہے۔البتہ اس طرح کا دعویٰ بہت ہی شروعاتی دور کا ہے ، کیونکہ یہ بہت ہی کم اعداد و شمار پر منحصر ہے ( ایک واحد وائرل جینوم کے ساتھ کچھ تغیر) ؛ اور کسی نے بھی اس بات کی تحقیق نہیں کی ہے کہ یہ تغیر انسانوں کو کس طرح سے متاثر کرتا ہے۔ ہمیں ابھی ہندوستان میں اس پر بہت کام کرنے کی ضرورت ہے۔
Image 12,1,दावा:,दावा:,വാദം: ,दावी:,দাবী:,દાવો:,ਦਾਅਵਾ:,கூற்று:,ଦାବି:,ఆరోపణ:,ದಾವೆ:,দাবী :,Ka jingkam ka bym shisha:,دعویٰ :
,2,डास चावण्यामुळे कोविड-१९ चा प्रसार होतो.,कोविड -19 का प्रसार मच्छरों के काटने से होता है।,കൊതുക്  കടിയിലൂടെ കോവിഡ്-19 പടരുന്നു,"कोभिड-१९ लामखुट्टेको टोकाईबाट सर्दछ।",কোভিড-১৯ মশার কামড়ের মাধ্যমে প্রসারিত হয়।,કોવિડ -19 મચ્છરના કરડવાથી ફેલાય છે.,ਕੋਵਿਡ -19 ਮੱਛਰ ਦੇ ਚੱਕ ਨਾਲ ਫੈਲਦਾ ਹੈ.,கொசுக்களினால் கொரோனா வைரஸ் பரவும்," COVID-19 ମଶା କାମୁଡ଼ିବା ଦ୍ୱାରା ବ୍ୟାପିଥାଏ |
",కోవిడ్-19 దోమకాటు ద్వారా మరియు ఈగల ద్వారా వ్యాప్తి చెందుతుంది.,COVID-19 ಸೊಳ್ಳೆಯ ಮೂಲಕ ಹರಡುತ್ತದೆ.,মহৰ কামোৰত COVID-19 সংক্ৰমিত হয়।,U COVID-19 u saphriang bad pur na ka jingkynthah ki skaiñ pyrjong.,کوویڈ – ١٩ مچھر کے کانٹنے سے پھیلتا ہے
,3,निर्णय:,निर्णय:,ശാസ്ത്രീയ പ്രതികരണം:,निर्णय :,উত্তর:,નિષ્કર્ષ:,ਜਵਾਬ:,தீர்ப்பு:,ନିର୍ଣୟ :,తీర్పు:,ತೀರ್ಪು:,উত্তৰ :,Ka jingshem:,فیصلہ:
,4,खरं नाही.,असत्य / झूठ !,ശരിയല്ല!,"सत्य होइन।
",সত্য নয়।,સાચું નથી!,ਗਲਤ!,உண்மை இல்லை!,ସତ ନୁହେଁ!,ఇది నిజం కాదు!,ನಿಜವಲ್ಲ!,মিছা !,Kam dei kaba shisha!,یہ سچ نہیں ہے۔
,5,,,,,,,,,,,,,,
,6,का?:,क्यों?:,എന്തുകൊണ്ട്?,किन?,কারণ:,શા માટે:,ਕਿਉਂ:,ஏன்:,କାହିଁକି:,ఎందుకు:,ಏಕೆ:,কিয়? :,Balei?,کیوں
,7,"कोविड-१९ हा श्वसनयंत्रणेचा रोग आहे, जो एका व्यक्तीपासून दुसऱ्याला होऊ शकतो. डेंग्यू किंवा हिवतापाप्रमाणे डास चावल्याने हा रोग पसरत नाही.","कोविड-19 श्वसन प्रणाली का रोग है, जो एक व्यक्ति से दुसरे व्यक्ति तक फैलता है।  यह मच्छरों के काटने से फैलने वाले रोगों से, जैसे मलेरिया और डेंगू, बहुत अलग है। यह इस बात का कोई प्रमाण नहीं है कि यह रोग मच्छरों के काटने से फैलता है। 

","കൊതുകുകടിയിലൂടെ പകരുന്ന മലേറിയ അല്ലെങ്കിൽ ഡെങ്കിയിൽ നിന്ന് വ്യത്യസ്തമായി, ഒരു വ്യക്തിയിൽ നിന്ന് മറ്റൊരാളിലേക്ക് പകരുന്ന ഒരു ശ്വാസകോശ സംബന്ധമായ രോഗമാണ്  കോവിഡ്-19. നോവൽ കൊറോണ വൈറസ് കൊതുകുകളിലൂടെ പകരുന്നുവെന്നതിനു തെളിവുകളൊന്നുമില്ല.","कोभिड-१९ एक स्वास-प्रस्वास सम्बन्धि रोग हो जुन एक व्यक्तिबाट अर्को व्यक्तिमा खोक्दा, हाछ्यु गर्दा, आदिबाट सर्दछ। लामखुट्टेको टोकाईबाट सर्ने रोगहरु जस्तै मलेरिया वा डेंगुभन्दा यो रोग फरक हो। हालसम्म लामखुट्टेले नोवेल कोरोना भाईरस सारेको कुनै प्रमाण भेटिएको छैन।","কোভিড-১৯ একটি শ্বাসপ্রক্রিয়া সম্বন্ধিত রোগ যা মানুষ থেকে মানুষে প্রবাহিত হয়। 
এটি ম্যালেরিয়া বা ডেঙ্গুর মতো নয়, যা মশার কামড়ের মাধ্যমে ছড়ায়। মশার 
মাধ্যমে করোনা ভাইরাস ছড়ানোর কোনো প্রমাণ এখনও পর্যন্ত পাওয়া যায়নি।",કોવિડ-19 એ શ્વસન રોગ છે જે એક વ્યક્તિથી બીજા વ્યક્તિ સુધી પસાર થાય છે - મલેરિયા અથવા ડેન્ગ્યુથી વિપરીત જે મચ્છરના કરડવાથી ફેલાય છે. આ નવલ કોરોનાવાયરસ ફેલાવતા મચ્છરોના કોઈ પુરાવા નથી.,ਕੋਵਿਡ -19 ਇਕ ਸਾਹ ਦੀ ਬਿਮਾਰੀ ਹੈ ਜੋ ਇਕ ਵਿਅਕਤੀ ਤੋਂ ਦੂਜੀ ਵਿਚ ਜਾਂਦੀ ਹੈ. ਇਹ ਮਲੇਰੀਆ ਜਾਂ ਡੇਂਗੂ ਤੋਂ ਵੱਖਰਾ ਹੈ ਜੋ ਮੱਛਰ ਦੇ ਚੱਕ ਨਾਲ ਫੈਲਦਾ ਹੈ. ਇਸ ਨਾਵਲ ਕੋਰੋਨਾਵਾਇਰਸ ਨੂੰ ਫੈਲਾਉਣ ਵਾਲੇ ਮੱਛਰਾਂ ਦਾ ਕੋਈ ਸਬੂਤ ਨਹੀਂ ਹੈ.,"கொசுக்களால் புதிய (நாவல்) கொரோனா வைரஸ் கிருமிகள் பரவும் என்பதற்கு எந்தவித அடிப்படை சான்றும் இல்லை. இந்த சுவாச மண்டல நோய்க்கிருமி இருமல், தும்மலால் ஏற்படும் நீர்த்துளிகளால் பரவும் அல்லது எச்சிலால் அல்லது மூக்கில் இருந்து வடியும் நீரால் பரவும். கொசுக்கடியினால் இந்த கிருமி பரவாது.","କୋଭିଡ-19 ହେଉଛି ଏକ ପ୍ରକାର ଶ୍ୱାସ ରୋଗ ଯାହା ଜଣେ ବ୍ୟକ୍ତିଙ୍କଠାରୁ ଅନ୍ୟ ଜଣକୁ ବ୍ୟାପୀଥାଏ - ମ୍ୟାଲେରିଆ କିମ୍ବା ଡେଙ୍ଗୁ ପରି ନୁହେଁ ଯାହା ମଶା କାମୁଡ଼ାରୁ ବ୍ୟାପିଥାଏ | ମଶାମାନେ ଏହି ନୋଭେଲ କରୋନାଭାଇରସ୍ ବିସ୍ତାର କରୁଥିବାର କୌଣସି  ପ୍ରମାଣ ନାହିଁ |
","కోవిడ్-19 అనేది ఒక శ్వాస సంబంధిత వ్యాధి, ఇది ఒక వ్యక్తి నుండి మరోవ్యక్తికి వెళుతుంది-మలేరియా లేదా డెంగ్యూ మాత్రమే దోమ కాటు నుండి వ్యాప్తి చెందుతాయి. ఈ కొత్త కరోనా వైరస్ దోమలు మరియి ఈగలు నుండి వ్యాప్తి చెందుతుంది అనడానికి ఇప్పటివరకు ఏ ఆధారాలు లేవు.",COVID-19 ಎನ್ನುವುದು ವ್ಯಕ್ತಿಯಿಂದ ವ್ಯಕ್ತಿಗೆ ಹರಡುವ ಉಸಿರಾಟದ ಕಾಯಿಲೆಯಾಗಿದೆ - ಸೊಳ್ಳೆ ಕಡಿತದಿಂದ ಹರಡುವ ಮಲೇರಿಯಾ ಅಥವಾ ಡೆಂಗ್ಯೂಗಿಂತ ಭಿನ್ನವಾಗಿ. ಈ ಹೊಸ ಕೊರೊನಾವೈರಸ್ ಅನ್ನು ಸೊಳ್ಳೆಗಳು ಹರಡಿದ ಬಗ್ಗೆ ಯಾವುದೇ ಪುರಾವೆಗಳಿಲ್ಲ.,"COVID-19 এবিধ শ্বসন প্ৰণালীৰ সৈতে জড়িত ৰোগ যি ইজনৰ পৰা সিজনলৈ বিয়পে। ডেংগু, মেলেৰিয়া আদিৰ দৰে ই মহৰ কামোৰৰ দ্বাৰা নিবিয়পে। মহৰ দ্বাৰা COVID-19 ৰ সংক্ৰমণ হোৱাৰ কোনো প্ৰমাণ এতিয়ালৈকে নাই।","Ka COVID-19 ka dei ka jingpang kaba їabit lyngba kaba ring bad pynhiar mynsiem kaba pur na uwei u briew sha uwei pat, ym kum ka malaria bad dengue kaba saphriang na ka jingkynthat ki skaiñ pyrjong. Ym don ki jingshisha ban sakhi ba ki skaiñ pyrjong ki pynphriang їa une u novel coronavirus.",کوویڈ – ١٩ ایک تنفسی(سانس کی) بیماری ہے جو شخص در شخص پھیلتی ہے - نا کہ ملیریا اور ڈینگو جو کہ مچھر کے کانٹنے سے پھیلتی ہے- ایسا کوئی ثبوت نہیں ہے کہ نیا کورونا وائرس مچھر کے کانٹنے سے پھیل رہا ہے۔
Image 13,1,दावा:,दावा:,വാദം:,दावी:,দাবী:,દાવો:,ਦਾਅਵਾ:,கூற்று:,ଦାବି:,ఆరోపణ:,ದಾವೆ:,দাবী :,Ka jingkam ka bym shisha:,دعویٰ :
,2,कोविड-१९ चा प्रसार पाळीव प्राण्यांमधून होतो.,कोविड -19 बीमारी पालतू जानवरों से फैलती है।, വളർത്തുമൃഗങ്ങളിലൂടെ കോവിഡ്-19 പടരുന്നു.:,"कोभिड-१९ घरपालुवा जनवारबाट सर्दछ।",কোভিড-১৯ পোষ্য প্রাণীদের মাধ্যমে প্রসারিত হয়।,કોવિડ -19 પાલતુ પ્રાણીઓમાં ફેલાય છે.,ਕੋਵਿਡ -19 ਪਾਲਤੂ ਜਾਨਵਰਾਂ ਦੁਆਰਾ ਫੈਲਦਾ ਹੈ.,"நாய்கள், பூனைகள் மற்றும் செல்லப் பிராணிகள் கொரோனா வைரஸைப் பரப்புமா?
"," COVID-19 ଗୃହପାଳିତ ପଶୁମାନଙ୍କ ମାଧ୍ୟମରେ ବ୍ୟାପିଥାଏ |",కోవిడ్-19 వ్యాధి పెంపుడు జంతువుల ద్వారా వ్యాప్తి చెందుతుంది.,COVID-19 ಸಾಕು ಪ್ರಾಣಿಗಳ ಮೂಲಕ ಹರಡುತ್ತದೆ.,COVID-19 পোহনীয়া জীৱ-জন্তুৰ দ্বাৰা বিয়পে।,Ka COVID-19 ka saphriang lyngba ki mrad ba ri ha їing.,کوویڈ – ١٩ پالتو جانوروں سے پھیلتا ہے۔
,3,निर्णय:,निर्णय:,ശാസ്ത്രീയ പ്രതികരണം,निर्णय :,উত্তর:,નિષ્કર્ષ:,ਜਵਾਬ:,தீர்ப்பு:,ନିର୍ଣୟ :,తీర్పు:,ತೀರ್ಪು:,উত্তৰ :,Ka jingshem:,فیصلہ:
,4,खरं नाही.,असत्य / झूठ !,ശരിയല്ല!:,"सत्य होइन।",সত্য নয়।,સાચું નથી!,ਗਲਤ!,உண்மை இல்லை!,ସତ ନୁହେଁ!,ఇది నిజం కాదు!,ನಿಜವಲ್ಲ!,মিছা !,Kam dei kaba shisha!,یہ سچ نہیں ہے۔
,5,,,,,,,,,,,,,,
,6,का?:,क्यों?:,എന്തുകൊണ്ട്?,किन?,কারণ:,શા માટે:,ਕਿਉਂ:,ஏன்:,କାହିଁକି:,ఎందుకు:,ಏಕೆ:,কিয়? :,Balei?,کیوں
,7,"एखादा आजारी माणूस प्राण्यांच्या आजूबाजूला असल्याशिवाय कुत्रे, मांजरी, पाळीव प्राणी किंवा गुरांपासून कोविड-१९ चा प्रसार होत नाही. तरीही काळजी म्हणून प्राण्यांना हाताळल्यानंतर हात स्वच्छ धुवावेत.","कोई संक्रमित व्यक्ति के निकट संपर्क के बिना कुत्ते, बिल्ली, अन्य पालतू जानवरों और खेती के जानवरों द्वारा ये विषाणु नहीं फैलता। साधारण सावधानी के रूप में, जानवरों या उनके भोजन, मलमुत्र या अन्य सामान को स्पर्श करने के बाद अपने हाथ जरूर धो लें।  ","നായ്ക്കൾ, പൂച്ചകൾ, സാധാരണ വളർത്തുമൃഗങ്ങൾ, കന്നുകാലികൾ എന്നിവ വഴി ഈ നോവൽ കൊറോണ വൈറസ് പകരില്ല. എന്നിരുന്നാലും ഒരു സാധാരണ മുൻകരുതൽ എന്നരീതിയിൽ മൃഗങ്ങൾ, ഭക്ഷണം, മാലിന്യങ്ങൾ, മറ്റു സാധനങ്ങൾ എന്നിവ കൈകാര്യം ചെയ്തതിനു ശേഷം കൈ കഴുകുക. ","कुनै पनि जनावर जस्तै घरपालुवा कुकुर, बिरालो, मुसा वा गाई, भैंसी, आदि रोगी व्यक्तिको संसर्गमा नआईकन यो रोग सर्न सक्दैनन्। सावधानीकोको लागि घर पालुवा जनावर, तिनीहरुको खाना, आदि चलाए पछि राम्रोसंग  हात धुनुहोस।","কোনো আক্রান্ত ব্যাক্তির সংস্পর্শ ছাড়া কুকুর, বিড়াল, সাধারণ পোষ্য, এমনকি 
গরু, ভেড়াও এই নভেল করোনা ভাইরাস বহন করে না। সাধারণ সতর্কতা অনুযায়ী, 
পোষ্যর জিনিস পত্রে, খাবার ইত্যাদিতে হাত দিলে হাত ধোয়া উচিত।","નજીકના સંપર્કમાં બીમાર વ્યક્તિ વિના, કૂતરાં, બિલાડીઓ, લાક્ષણિક પાળતુ પ્રાણી અને પશુધન પણ આ નવલ કોરોનાવાયરસનું પ્રસારણ કરતા નથી. સામાન્ય સાવચેતીની જેમ, પ્રાણીઓ, તેમના ખોરાક, કચરો અથવા પુરવઠાને સંભાળ્યા પછી તમારા હાથ ધોવા.","ਕਿਸੇ ਬਿਮਾਰ ਵਿਅਕਤੀ ਦੇ ਨੇੜਲੇ ਸੰਪਰਕ ਦੇ ਬਗੈਰ, ਕੁੱਤੇ, ਬਿੱਲੀਆਂ, ਆਮ ਪਾਲਤੂ ਜਾਨਵਰ ਅਤੇ ਇਥੋਂ ਤਕ ਕਿ ਪਸ਼ੂ ਵੀ ਇਸ ਨਾਵਲ ਕੋਰੋਨਾਵਾਇਰਸ ਨੂੰ ਸੰਚਾਰਿਤ ਨਹੀਂ ਕਰਦੇ. ਬਿਲਕੁਲ ਆਮ ਸਾਵਧਾਨੀ ਵਾਂਗ, ਜਾਨਵਰਾਂ, ਉਨ੍ਹਾਂ ਦੇ ਭੋਜਨ, ਰਹਿੰਦ-ਖੂੰਹਦ ਜਾਂ ਸਪਲਾਈ ਨੂੰ ਸੰਭਾਲਣ ਤੋਂ ਬਾਅਦ ਆਪਣੇ ਹੱਥ ਧੋਵੋ.","நோயுற்ற ஒருவர் அருகில் அணுகினால் தவிர, நாய்கள், பூனைகள், செல்லப் பிராணிகள் மற்றும் கால்நடைகளும்கூட இந்த கொரோனா வைரஸைப் பரப்பாது. எனினும், விலங்குகளுடன் புழங்கி அவற்றின் உணவு, கழிவு ஆகியவற்றைக் கையாண்ட பின்னர் எப்போதும் போல முன்னெச்சரிக்கையாக கைகளை சோப்பு போட்டு சுத்தம் செய்வது நலம்.
","କୁକୁର, ବିଲେଇ, ସାଧାରଣ ଗୃହପାଳିତ ପଶୁ ଏବଂ ଏପରିକି  ପଶୁଶାଳାରେ ରହୁଥିବା ପଶୁମାନେ ଏହି ନୋଭେଲ କରୋନା ଭାଇରସ ବିସ୍ତାର କରନ୍ତି ନାହିଁ ; ଅସୁସ୍ଥ ବ୍ୟକ୍ତିଙ୍କ ଘନିଷ୍ଠ ସଂସ୍ପର୍ଶ ଏହି ଭାଇରସ ବ୍ୟାପିବାର ପ୍ରଧାନ କାରଣ | ଏକ ସାଧାରଣ ସତର୍କତା - ପଶୁ, ସେମାନଙ୍କର ଖାଦ୍ୟ, ବର୍ଜ୍ୟବସ୍ତୁ କିମ୍ବା ସାମଗ୍ରୀ ସଂସ୍ପର୍ଶରେ ଆସିବା ପରେ ହାତ ଧୋଇ ଦିଅନ୍ତୁ |","జబ్బుపడిన వ్యక్తి దగ్గర లేనప్పుడు కుక్కలు, పిల్లులు, సాధారణ పెంపుడు జంతువులు మరియు పశుసంపద ద్వారా ఈ కొత్త కరోనావైరస్ సోకదు. సాధారణ జాగ్రత్త చర్యగా, జంతువులు, వాటి ఆహారం, వ్యర్థాలు లేదా సప్లైలను పట్టుకున్న తరువాత మీ చేతులను శుభ్రం చేసుకోండి.","ನಿಕಟ ಸಂಪರ್ಕದಲ್ಲಿರುವ ಅನಾರೋಗ್ಯದ ವ್ಯಕ್ತಿ ಇಲ್ಲದೆ, ನಾಯಿ, ಬೆಕ್ಕು ಮತ್ತು ಇತರೆ ಸಾಕುಪ್ರಾಣಿಗಳು ಮತ್ತು ಜಾನುವಾರುಗಳು ಈ ಹೊಸ ಕರೋನವೈರಸ್ ಅನ್ನು ಹರಡುವುದಿಲ್ಲ. ಮುನ್ನೆಚ್ಚರಿಕೆಯಂತೆ, ಪ್ರಾಣಿಗಳನ್ನು ಮತ್ತು ಅವುಗಳ ಆಹಾರ ಅಥವಾ ತ್ಯಾಜ್ಯ ಮುಟ್ಟಿದ ನಂತರ ನಿಮ್ಮ ಕೈಗಳನ್ನು ತೊಳೆಯಿರಿ.",COVID-19 ৰ ৰোগীৰ সংস্পৰ্শলৈ অহাৰ বাদে আন কোনো জীৱ-জন্তুৱে এই ভাইৰাছ বিয়পাব নোৱাৰে। সাধাৰণ সাৱধানতা হিচাপে জীৱ-জন্তুৰ অথবা জীৱ-জন্তুৰ লগত জড়িত থকা কোনো বস্তুৰ সংস্পৰ্শলৈ আহিলে ভালদৰে হাত ধুব লাগে।,"Khlem da don u nongpang uba їatyngkhuh lyngba ka jingktah, ki ksew, ki miaw, bad wat ki jingri kum ki syiar, ki sniang, ki blang, ki masi kim rah їa une u novel coronavirus. Kum ka jingїada їa lade, sait bha їa ki kti jong phi hadien ba phi la ktah їa kine ki mrad, ki jingbam bad ka jakhlia jong ki.",بیمار شخص کے قریبی رابطے کے بغیر ، کتّے، بلّیاں ، عام پالتو جانور اوریہاں تک کہ مویشی یہ کورونا وائرس کو منتقل نہیں کرتے۔ حسبِ معمول ، جانور کو، ان کے کھانے ، فضلے یا انکی چیزوں کو سنبھالنے کے بعد اپنے ہاتھ دھو لیں۔
Image 14,1,दावा:,दावा:,വാദം:,दावी:,দাবী:,દાવો:,ਦਾਅਵਾ:,கூற்று:,ଦାବି:,ఆరోపణ:,ದಾವೆ:,দাবী :,Ka jingkam ka bym shisha:,دعویٰ :
,2,एसी मधून कोरोना विषाणूचा प्रसार होतो.,वातानुकूलन से कोरोना फैलता है।  ,"എയർകണ്ടീഷണറുകൾക്ക് കൊറോണ വൈറസ് പടർത്താൻ കഴിയും","वातानुकूलक (एयर कन्डिसनर) ले कोरोना भाईरसलाई फ़ैलाउछ।",শীতাতপ নিয়ন্ত্রণ যন্ত্র করোনা ভাইরাস ছড়িয়ে দিতে পারে।,એર કંડિશનર્સ કોરોના વાયરસ ફેલાવી શકે છે,ਏਅਰ-ਕੰਡੀਸ਼ਨਰ ਕੋਰਨਾਵਾਇਰਸ ਫੈਲਾ ਸਕਦੇ ਹਨ,அறை குளிரூட்டிகளால் (AC)கொரோனோ வைரஸ் பரவுமா ?,"ଏୟାର-କଣ୍ଡିସନର କରୋନା ଭାଇରସ୍ ବିସ୍ତାର କରିପାରିବ.",ఎయిర్ కండిషనర్లు ద్వారా కరోనా వైరస్ వ్యాప్తి చెందుతుంది,ಹವಾನಿಯಂತ್ರಣಗಳು ಕರೋನವೈರಸ್ ಅನ್ನು ಹರಡಬಹುದು,শীত-তাপ নিয়ন্ত্ৰিত যন্ত্ৰৰ ( Air Conditioner) দ্বাৰা COVID-19 সংক্ৰমিত হ'ব পাৰে।,Ki Air-conditioner ki lah ban pynsaphriang їa u coronavirus,ایئر کنڈیشنڈ کورونا وائرس کو پھیلاتا ہے۔
,3,निर्णय:,निर्णय:,ശാസ്ത്രീയ പ്രതികരണം:,निर्णय :,উত্তর:,નિષ્કર્ષ:,ਰਿਸਪਾਂਸ:,தீர்ப்பு:,ନିର୍ଣୟ :,తీర్పు:,ತೀರ್ಪು:,উত্তৰ :,Ka jingshem:,فیصلہ:
,4,खरं नाही.,असत्य / झूठ !,മതിയായ തെളിവുകൾ ഇല്ല,पर्याप्त प्रमाण छैन।,যথেষ্ট তথ্য প্রমাণের অভাব।,પૂરતા પુરાવા નથી,ਲੋੜੀਂਦੇ ਸਬੂਤ,போதுமான சான்றுகள் தற்போது இல்லை,ପର୍ଯ୍ୟାପ୍ତ ପ୍ରମାଣ ନାହିଁ,తగిన ఆధారాలు లేవు,ಸಾಕಷ್ಟು ಪುರಾವೆಗಳಿಲ್ಲ,পর্যাপ্ত প্ৰমাণ নাই,ym don ki sakhi kiba biang,ثبوت کافی نہیں
,5,,,,,,,,,,,,,,
,6,का?:,क्यों?:,എന്തുകൊണ്ട്?,किन?,কারণ:,શા માટે:,ਕਿਉਂ ਨਹੀਂ?,ஏன்:,କାହିଁକି:,ఎందుకు:,ಏಕೆ:,কিয়? :,Balei?,کیوں
,7,"नियमीत देखभाल / दुरूस्ती होत असलेल्या आणि बाहेरील भाग हवेशीर ठिकाणी ठेवलेल्या घरगुती एसीमधून कोरोना विषाणूचा प्रसार झालेले आढळून आलेले नाही. इमारतीमध्ये केंद्रीय वातानुकूलन यंत्रणा (एसी) असल्यास त्यामधून रोगाचा प्रसार होऊ शकतो का, हे आपल्याला अजून नक्की सांगता येणार नाही.","उपलब्ध जानकारी से के अनुसार मात्र एक कमरे में वातानुकूलन करने वाले यंत्र यदि सुचारू रूप से काम कर रहे हों, और उनका बाहरी हिस्सा हवादार इलाके में हो तो ये कोरोना विषाणु को नहीं फैलाते। केंद्रीकृत वातानुकूलन  प्रणालियों के फिल्टरों में से कोरोना विषाणु कैसे प्रवास करता है, यह जानकारी अभी ठीक से उपलब्ध नहीं है। ","ഇതുവരെ മനസിലാക്കിയത് അനുസരിച്ച് നന്നായി പരിപാലിച്ച്‌ വരുന്നതും,  പിൻഭാഗത്തു ശരിയായി വായുസഞ്ചാരമുള്ളതുമായ സിംഗിൾ റൂം എയർകണ്ടീഷണറുകൾ വൈറസ് പടരാൻ കാരണമാകില്ല. എന്നാൽ കേന്ദ്രീകൃത വായു ശുദ്ധീകരണ സംവിധാനങ്ങളിലൂടെ SARS-CoV-2 എങ്ങനെ സഞ്ചരിക്കുന്നുവെന്നു ഇതുവരെ മനസിലാക്കിയിട്ടില്ല.","हालसम्मको बुझाईमा एउटा मात्र रुममा प्रयोग गरिएको वातानुकूलक (एयर कन्डिसनर) ले कोरोना भाईरस नफैलाउन सक्छ यदि त्यसका बाहिरी भागहरु सहि तरिकाले भेन्टिलेट गरिएका छन् र मर्मतसंहार गरिएको छ। सार्स कोभ-२ कसरी केंद्रिकित वातानुकूलित व्यवस्थामा प्रवाह भयो भने जानकारी हामीलाई छैन।","বর্তমানে আমাদের যা জ্ঞান তার ভিত্তিতে বলা যায়, এককভাবে, শুধু  একটিমাত্র  
ঘরে ব্যবহৃত শীতাতপ নিয়ন্ত্রণ যন্ত্র হয়তো এই ভাইরাস ছড়াতে পারে না, যদি যন্ত্রটি 
ভালভাবে পরিচালিত হয় এবং তার বাইরের অংশ যদি সঠিকভাবে বায়ু চলাচল করা  
জায়গায় রাখা থাকে। নভেল করোনা ভাইরাসটি কী ভাবে কেন্দ্রীভূত শীতাতপ নিয়ন্ত্রণ যন্ত্রের পরিস্রাবণ ব্যবস্থার মধ্যে দিয়ে পরিবাহিত হয় সে বিষয়ে আমরা এখনও ভালো জানি 
না। ","હાલની સમજ મુજબ, સિંગલ-રૂમ એર કંડિશનર વાયરસ ફેલાવી શકશે નહીં, જો તેઓ સારી રીતે જાળવવામાં આવે અને તેમના આઉટડોર ભાગો હવાની અવરજવરવાળા વિસ્તારોમાં હોય તો.
કેન્દ્રિય એર ફિલ્ટરેશન સિસ્ટમ્સ દ્વારા સાર્સ-કોવી -2 કેવી રીતે આગળ વધે છે તે હજી અમને ખબર નથી.
","ਮੌਜੂਦਾ ਸਮਝ ਦੇ ਅਨੁਸਾਰ, ਇਕੱਲੇ ਕਮਰਿਆਂ ਦੇ ਏਅਰ ਕੰਡੀਸ਼ਨਰ ਵਿਸ਼ਾਣੂ ਨੂੰ ਨਹੀਂ ਫੈਲਾ ਸਕਦੇ ਹਨ, ਜੇ ਉਨ੍ਹਾਂ ਦੀ ਚੰਗੀ ਤਰ੍ਹਾਂ ਦੇਖ-ਭਾਲ ਕੀਤੀ ਜਾਂਦੀ ਹੈ ਅਤੇ ਉਨ੍ਹਾਂ ਦੇ ਬਾਹਰੀ ਹਿੱਸੇ ਹਵਾਦਾਰ ਖੇਤਰਾਂ ਵਿਚ ਹਨ.","முறையாக பராமரிக்கப்பட்ட, அவற்றின் வெளிப்புற பகுதி காற்றோட்டமாக உள்ள நிலையில், ஒரு அறையில் தனித்து இணைக்கப்பட்ட அறை குளிரூட்டி வழியே நாவல் கொரோனா வைரஸ் பரவாது என்பதே தற்பொழுதைய புரிதல். 
மையப்படுத்தப்பட்ட குளிரூட்டி(Centralised Air Conditioner) வழியே SARS CoV2 வைரஸ் பரவுமா பரவாதா என்பது குறித்து இன்று நமக்கு தெளிவான பதில் இல்லை.","ସାମ୍ପ୍ରତିକ ଜ୍ଞାନ ଅନୁସାରେ  ଯଦି ଏୟାର-କଣ୍ଡିସନର  ଗୁଡିକର  ଭଲ ଭାବରେ ରକ୍ଷଣାବେକ୍ଷଣ କରାଯାଏ ଏବଂ ସେମାନଙ୍କର ବାହ୍ୟ ଅଂଶଗୁଡ଼ିକ ସଠିକ୍ ବାୟୁ ସଞ୍ଚାଳିତ ସ୍ଥାନରେ ଥାଏ, ତେବେ ଏକକ କୋଠରୀ ଏୟାର-କଣ୍ଡିସନରଗୁଡିକ ଭୂତାଣୁ ବିସ୍ତାର କରିପାରନ୍ତି ନାହିଁ, | 
","ప్రస్తుత అవగాహన ఏమిటంటే, సింగిల్-రూమ్ ఎయిర్ కండిషనర్లు ఒకవేళ చక్కగా మెయింటైన్ చేయబడితే అవి వైరస్ ను వ్యాప్తి చెయ్యక పోవచ్చు. సెంట్రలైజ్డ్ ఎయిర్ కూలింగ్ సిస్టమ్స్ ద్వారా వైరుసులు ఎలా కదులుతాయి అనేది మనకు ఇంకా తెలియదు.","ಪ್ರಸ್ತುತ ತಿಳುವಳಿಕೆಯ ಪ್ರಕಾರ, ಉತ್ತಮ ಸ್ಥಿತಿಯಲ್ಲಿರುವ ಏಕ-ಕೋಣೆಯ ಹವಾನಿಯಂತ್ರಣಗಳು, ಸರಿಯಾಗಿ ಗಾಳಿ ಸುಳಿದಾಡುವ ಪ್ರದೇಶಗಳಲ್ಲಿದ್ದರೆ, ವೈರಸ್ ಅನ್ನು ಹರಡುವುದಿಲ್ಲ. ಕೇಂದ್ರೀಕೃತ ವಾಯು ಶೋಧಕಗಳ (ಏರ್ ಫಿಲ್ಟ್ರ್ಸ್)  ಮೂಲಕ SARS-CoV-2 ಹೇಗೆ ಚಲಿಸುತ್ತದೆ ಎಂಬುದು ನಮಗೆ ಇನ್ನೂ ತಿಳಿದಿಲ್ಲ.",বৰ্তমানৰ জ্ঞান অনুসৰি মাত্ৰ এটা কক্ষক সেৱা কৰা শীত-তাপ নিয়ন্ত্ৰিক যন্ত্ৰই ভাইৰাছটো কিজানি সংক্ৰমিত নকৰে যদিহে ইয়াক ভালদৰে তত্বাৱধানত ৰখা হয় আৰু ইয়াৰ বাহিৰৰ অংশকো ভালদৰে ভেণ্টিলেটেড অথবা বায়ু সঞ্চালন হোৱা ঠাইত ৰখা হয়। আমি নাজানো SARS-COV-2 কেনেকৈ Centralised Air Conditioner (যিয়ে বহু কক্ষক একেলগে সেৱা কৰে) ৰ মাজেৰে সঞ্চালন কৰে।,"Ha ka jingsngewthuh haduh mynta, ki air conditioner na ka bynta kawei ka kamra kim lah ban pynsaphriang їa u virus, lada la sumar bha їa ki bad haba ka bynta ba shabar jong ki ka long kaba їoh lyer bha. Ngim pat tip kumno u SARS-CoV-2 u їaid lynba ha ki centralised air cooling system.","ابھی تک کی سمجھ کے مطابق،اگر ایک کمرہ کافی حد تک مناسب اور ہوادار ہوتو ہو سکتا ہے کہ کمرےمیں موجود ایئر کنڈیشنڈوائرس کونہ پھیلاتا ہو۔
ہمیں ابھی تک یہ نہیں پتہ چل سکا ہےکہ سارس – کووی – 2 کس طرح سے سینٹرلائزڈہوا کے فلٹریشن کے نظام میں حرکت کرتا ہے۔"
Image 15,1,दावा:,दावा:,വാദം:,दावी:,দাবী:,દાવો:,ਦਾਅਵਾ:,கூற்று:,ଦାବି:,ఆరోపణ:,ದಾವೆ:,দাবী :,Ka jingkam ka bym shisha:,دعویٰ :
,2,उपासतापास केल्याने मी ह्या कोरोना विषाणूपासून वाचू शकेन.,"व्रत  करने से कोरोना से संक्रमित होने की संभावना कम होती है।  ","നോമ്പ്, ഉപവാസം എന്നിവ കൊറോണ വൈറസ് ബാധിക്കാനുള്ള സാധ്യത കുറയ്‌ക്കുന്നു","व्रत बस्नाले कोरोना भाईरसको संक्रमणको सम्भावनालाई कम गर्छ।",উপোস করলে করোনা ভাইরাস দ্বারা সংক্রামিত হবার সম্ভাবনা কমবে।,ઉપવાસથી કોરોનાવાયરસથી ચેપ લાગવાની સંભાવના ઓછી થાય છે,ਵਰਤ ਰੱਖਣ ਨਾਲ ਕੋਰੋਨਾਵਾਇਰਸ ਦੁਆਰਾ ਸੰਕਰਮਿਤ ਹੋਣ ਦੀ ਸੰਭਾਵਨਾ ਘੱਟ ਜਾਂਦੀ ਹੈ,"விரதம் அல்லது உண்ணாமையினால் கொரோனா தொற்றும் வாய்ப்பு குறைய வாய்ப்புள்ளதா?
"," ଉପବାସକଲେ କରୋନାଭାଇରସ୍ ଦ୍ୱାରା ସଂକ୍ରମିତ ହେବାର ସମ୍ଭାବନା କମିଯାଏ.
",ఫాస్టింగ్ లేదా ఉపవాసం వల్ల కరోనా వ్యాధి రాదు.,ಉಪವಾಸ ಮಾಡುವುದರಿಂದ ಕರೋನವೈರಸ್ ಸೋಂಕಿಗೆ ಒಳಗಾಗುವ ಸಾಧ್ಯತೆ ಕಡಿಮೆಯಾಗುತ್ತದೆ,ব্ৰত ৰাখিলে COVID-19 ৰ দ্বাৰা আক্ৰান্ত হোৱাৰ সম্ভাৱনা কমে।,Ka jingshah jingit ne shah thngan ka pynduna na ka jingїabit u coronavirus.,: روزے رکھناکورونا وائرس سے متاثر ہونے کےامکانات کو کم کر دیتا ہے۔
,3,निर्णय:,निर्णय:,ശാസ്ത്രീയ പ്രതികരണം:,निर्णय :,উত্তর:,નિષ્કર્ષ:,ਜਵਾਬ:,தீர்ப்பு:,ନିର୍ଣୟ :,తీర్పు:,ತೀರ್ಪು:,উত্তৰ :,Ka jingshem:,فیصلہ:
,4,खरं नाही.,असत्य / झूठ !,ശരിയല്ല!,सत्य होइन।,সত্য নয়।,સાચું નથી!,ਗਲਤ!,உண்மை இல்லை!,ସତ ନୁହେଁ!,ఇది నిజం కాదు!,ನಿಜವಲ್ಲ!,মিছা !,Kam dei kaba shisha!,یہ سچ نہیں ہے۔
,5,,,,,,,,,,,,,,
,6,का?:,क्यों?:,എന്തുകൊണ്ട്?,किन?,কারণ:,શા માટે:,ਕਿਉਂ?,ஏன்:,କାହିଁକି:,ఎందుకు:,ಏಕೆ:,কিয়? :,Balei?,کیوں
,7,हे कोरोना विषाणू श्वासनलिकेमार्फत आपल्या शरीरात शिरतात. उपास केल्याने त्यांच्यावर काहीही फरक पडणार नाही.,"कोरोना विषाणु श्वास मार्ग से शरीर में प्रवेश करता है। व्रत करने से इस विषाणु के शरीर में प्रवेश करने में कोई बाधा नहीं पड़ती है।
"," കൊറോണ വൈറസ് ശ്വാസകോശത്തിലൂടെ ശരീരത്തിൽ പ്രവേശിക്കുന്നു. ഇത് തടയാൻ ഉപവാസം കൊണ്ട്  കഴിയില്ല.
","कोरोना भाईरस हाम्रो शरीरमा स्वासप्रस्वास प्रणालीमार्फत छिर्दछ। व्रतले यसलाई हाम्रो शरीरमा छिर्नलाई रोक्न सक्दैन।","করোনা ভাইরাস শ্বাসনালীর মাধ্যমে দেহে প্রবেশ করে, তাই উপবাসের দ্বারা তা 
রোধ করা আদপেই সম্ভব নয়।",કોરોનાવાયરસ શ્વસન માર્ગ દ્વારા શરીરમાં પ્રવેશ કરે છે. ઉપવાસ તેને કોઈપણ રીતે પ્રવેશતા અટકાવશે નહીં.,ਕੋਰੋਨਵਾਇਰਸ ਸਾਹ ਦੀ ਨਾਲੀ ਰਾਹੀਂ ਸਰੀਰ ਵਿਚ ਦਾਖਲ ਹੁੰਦਾ ਹੈ. ਵਰਤ ਰੱਖਣਾ ਇਸ ਨੂੰ ਸਰੀਰ ਵਿਚ ਦਾਖਲ ਹੋਣ ਤੋਂ ਨਹੀਂ ਰੋਕੇਗਾ.,"கொரோனா வைரஸ் சுவாச அமைப்பின் வழியே உடலுக்குள் நுழைகிறது. விரதம் இருப்பதனால்  வைரஸ் சுவாச பாதைக்குள் செல்வதை தடுக்க இயலாது.
","କରୋନାଭାଇରସ୍ ଶ୍ୱାସନଳୀ ମାଧ୍ୟମରେ ଶରୀରକୁ ପ୍ରବେଶ କରେ | ଉପବାସ ଏହାର ପ୍ରବେଶକୁ କୌଣସି ପ୍ରକାରେ ବନ୍ଦ କରିପାରିବ ନାହିଁ |",ఈ కరోన వైరస్ మీ శ్వాసనాళాల ద్వారా శరీరంలోకి ప్రవేశించవచ్చు. ఉపవాసం దాన్ని ఎలాగైనా ప్రవేశించకుండా ఆపదు.,ಕರೋನವೈರಸ್ ಉಸಿರಾಟದ ಮೂಲಕ ದೇಹವನ್ನು ಪ್ರವೇಶಿಸುತ್ತದೆ. ಉಪವಾಸವು ಅದು ಪ್ರವೇಶಿಸುವುದನ್ನು ತಡೆಯುವುದಿಲ್ಲ.,"COVID-19 ভাইৰাছে দেহত শ্বাসনলীৰ দ্বাৰা প্ৰৱেশ কৰে। ব্ৰত কৰক বা নকৰক, ভাইৰাছটোক আপুনি দেহত প্ৰৱেশ কৰাৰ পৰা বাধা দিব নোৱাৰে।",U coronavirus u rung ha ka met lyngba ki lynti ring bad pynhiar mynsiem. Ka jingshah jingit ne shah thngan kan nym pynsangeh їa ka jingrung jong u virus da lei lei ruh.,کورونا وائرس جسم میں سانس لینے کی نالی کے ذریعے داخل ہوتا ہے۔ روزےرکھنے سےہم اسے کسی بھی طرح سے اندر داخل ہونے سے نہیں روک سکتے۔
Image 16,1,दावा:,दावा:,വാദം:,दावी:,দাবী:,દાવો:,ਦਾਅਵਾ:,கூற்று:,ଦାବି:,ఆరోపణ:,ದಾವೆ:,দাবী :,Ka jingkam ka bym shisha:,دعویٰ :
,2,काही लोकांच्या खाण्यापिण्याच्या विचित्र सवयींमुळे ही करोना विषाणूची साथ पसरली आहे.,"   कोविड -19 महामारी कुछ लोगों के खान -पान की असामान्य आदतों से आई है।   ","ചില ജനതയുടെ അസാധാരണ  ഭക്ഷണശീലമാണ് ഈ കോവിഡ് -19 പകർച്ചവ്യാധിക്ക് കാരണം.

",कोभिड-१९ को महामारी केहि समुदायको अस्वाभाभिक खानाको छनौटले गर्दा भएको हो।,এই কোভিড-১৯ মহামারীটি ঘটেছে কিছু মানুষের অস্বাভাবিক খাদ্যাভাস এর কারণে।,આ કોવિડ -19 રોગચાળો કેટલાક સમુદાયોની અસામાન્ય ખોરાક પસંદગીઓના કારણે થાય છે,ਇਹ ਕੋਵਿਡ -19 ਮਹਾਂਮਾਰੀ ਚੀਨੀ ਲੋਕਾਂ ਦੀਆਂ ਖਾਣ ਪੀਣ ਦੀਆਂ ਆਦਤਾਂ ਕਾਰਨ ਹੁੰਦੀ ਹੈ.,"சில சமூகத்தின் விசித்திர உணவு பழக்கம் தான் இந்த கோவிட்-19 தொற்று நோய் ஏற்படக்காரணம்.
",ଏହି COVID-19 ମହାମାରୀ କେତେକ ସମ୍ପ୍ରଦାୟର ଅସାଧାରଣ ଖାଦ୍ୟ ପସନ୍ଦ ଦ୍ୱାରା ହୋଇଥାଏ |,ఈ కోవిడ్-19 మహమ్మారి కొన్ని వర్గాల అసాధారణ ఆహార ఎంపికల వలన కలుగుతుంది.,ಈ COVID-19 ಸಾಂಕ್ರಾಮಿಕವು ಕೆಲವು ಸಮಾಜದ ಆಹಾರ ಪದ್ಧತಿಯಿಂದ ಮತ್ತು ಆಯ್ಕೆಗಳಿಂದ ಉಂಟಾಗಿದೆ.,COVID-19 মহামাৰী কিছুমান জনগোষ্ঠীৰ আচহুৱা খাদ্যাভ্যাসৰ বাবে বিয়পিছে।,Ka daw jong ka jingwan kane ka khlam COVID-19 ka dei na ka rukom bam khyllah jong katto katne ki kynhun jaitbynriew.,یہ کوویڈ – ١٩ کی وبا کچھ سماجی طبقوں کی غیر معمولی غذائی عادات کی وجہ سے ہے۔
,3,निर्णय:,निर्णय:,ശാസ്ത്രീയ പ്രതികരണം:,निर्णय :,উত্তর:,નિષ્કર્ષ:,ਜਵਾਬ:,தீர்ப்பு:,,తీర్పు:,ತೀರ್ಪು:,উত্তৰ :,Ka jingshem:,فیصلہ:
,4,खरं नाही.,असत्य / झूठ !,"തെറ്റിദ്ധാരണ, ശരിയല്ല","सत्य होइन।",সত্য নয়।,"ભ્રામક, સાચું નથી","ਗੁੰਮਰਾਹਕੁੰਨ, ਸਹੀਨਹੀਂ",உண்மை இல்லை!,ସତ ନୁହେଁ!,ఇది నిజం కాదు!,ನಿಜವಲ್ಲ!,মিছা !,Kam dei kaba shisha!,یہ سچ نہیں ہے۔
,5,,,,,,,,,,,,,,
,6,का?:,क्यों?:,എന്തുകൊണ്ട്?,किन?,কারণ:,શા માટે:,ਕਿਉਂ:,ஏன்:,କାହିଁକି:,ఎందుకు:,ಏಕೆ:,কিয়? :,Balei?,کیوں
,7,एखाद्या नवीन विषाणूची उत्क्रांती होऊन तो प्राण्यांपासून मनुष्यांमध्ये कधी संक्रमण करू शकेल हे वर्तवणे फारच अवघड आहे. यापूर्वी देखील अनेक विषाणूंनी पाळीव जनावरांकडून मनुष्यांमध्ये संक्रमण केले आहे. त्यामुळे या विषाणूच्या उत्क्रांतीसाठी कोणत्याही समुदायाच्या खाण्यापिण्याच्या सवयींना जबाबदार धरणे अयोग्य आहे.,यह भविष्यवाणी कर पाना कि कोई नया विषाणु परिवर्तित हो कर कब जानवरों के बजाय मानवों को संक्रमित करना शुरू कर देगा अत्यधिक चुनौती पूर्ण है। इससे पहले भी पालतू जानवरों के विषाणुओं को परिवर्तित हो कर उनके देखभाल करने वाले लोगों को संक्रमित करने के मामले सामने आए हैं। इस कारण इस बीमारी के लिए किसी एक देश या समाज की खान पान कि आदतों को जिम्मेदार ठहराना अनुचित है।," മൃഗങ്ങളിൽ നിന്ന് മനുഷ്യരിലേക്ക് ചാടാൻ തക്ക ശേഷി ഏതെങ്കിലും ഒരു വൈറസ്  എപ്പോൾ കൈവരിക്കും എന്നത് പ്രവചനാതീതമാണ്.  പരിവർത്തനം വന്ന വൈറസുകൾ വളർത്തുമൃഗങ്ങളിൽ നിന്ന് അവയുടെ പരിപാലകരിലേക്ക് പകരുന്നതു മുമ്പും സംഭവിച്ചിട്ടുണ്ട്. അതിനാൽ, ഈ വൈറസ് മനുഷ്യനെ ബാധിച്ചതിനു ഏതെങ്കിലും സമൂഹത്തിന്റെ ഭക്ഷണ ശീലങ്ങളെ കുറ്റപ്പെടുത്തുന്നത് അനുചിതമാണ്.

","कुन बेला नयाँ भाईरस म्युटेट भएर जनावरबाट मानिसमा सर्दाचा भन्ने कुरा पत्ता लगाउने काम एकदमै चुनौतीपूर्ण र जटिल काम हो।यो भन्दा अघि केहि भाईरस घरपालुवा जनावरबाट उनीहरुका मालिकमा सरेका प्रमाणहरु छन्।
 त्यसैले, यस भाईरसको म्युटेसनमा कुनै समुदायको खानाको स्वभावलाई दोष दिनु त्यति उपयुक्त हुदैन।","কখন একটি নতুন ভাইরাস নিজের প্রকাশ ঘটিয়ে জীবজন্তুর থেকে মানুষের 
মধ্যে ছড়িয়ে পড়বে, তা অনুমান করা অত্যন্ত কঠিন। এর আগে আমরা দেখেছি কী ভাবে বিভিন্ন ভাইরাস গৃহপালিত পশুর মধ্যে প্রথমে প্রকাশিত হয়ে মানুষের দেহে ছড়িয়ে পড়েছে। তাই, এক শ্রেণীর মানুষের খাদ্যাভাস কে এটার জন্য দায়ী করাটা একেবারেই উচিত না।","પ્રાણીથી મનુષ્યમાં કૂદકો લગાવવા માટે કોઈ પણ નવા વાયરસ પરિવર્તન કરી શકે છે ત્યારે આગાહી કરવી અશ્વસનીય પડકારજનક છે. આ પહેલાં, આપણે પાળેલા પ્રાણીઓથી તેમના કેરગિવર્સ પર જવા માટે વાયરસ પરિવર્તન કરતા જોયા છે. આમ, આ વાયરસના પરિવર્તન માટે કોઈપણ સમુદાયની ખોરાકની ટેવને દોષ આપવી અયોગ્ય છે.","ਇਹ ਦੱਸਣਾ ਬਹੁਤ ਮੁਸ਼ਕਲ ਹੈ ਕਿ ਜਦੋਂ ਕੋਈ ਨਵਾਂ ਵਿਸ਼ਾਣੂ ਜਾਨਵਰਾਂ ਤੋਂ ਮਨੁੱਖਾਂ ਵਿੱਚ ਕੁੱਦਣ ਲਈ ਬਦਲ ਸਕਦਾ ਹੈ. ਪਹਿਲਾਂ ਅਸੀਂ ਵੇਖਿਆ ਹੈ ਕਿ ਵਾਇਰਸ ਪਰਿਵਰਤਨ ਕਰਦੇ ਹੋਏ ਪਾਲਤੂ ਜਾਨਵਰਾਂ ਤੋਂ ਉਨ੍ਹਾਂ ਦੀ ਦੇਖਭਾਲ ਕਰਨ ਵਾਲਿਆ ਵੱਲ ਜਾਂਦੇ ਹਨ. ਇਸ ਤਰ੍ਹਾਂ, ਇਸ ਵਾਇਰਸ ਦੇ ਪਰਿਵਰਤਨ ਲਈ ਚੀਨੀ ਲੋਕਾਂ ਦੀਆਂ ਖਾਣ ਦੀਆਂ ਆਦਤਾਂ ਨੂੰ ਜ਼ਿੰਮੇਵਾਰ ਠਹਿਰਾਉਣਾ ਅਣਉਚਿਤ ਹੈ.","விலங்குகளிலிருந்து மனிதருக்கு தாவும்படியாக வைரஸில் மரபணு மாற்றம் எப்போது ஏற்படும்  என்பதை முன்கூட்டியே கணிப்பது மிகப்பெரிய சவால். ஏற்கனவே இதுபோல வரலாற்றில் வீட்டு விலங்குகளாக வளர்க்கப்படும் விலங்குகளிடம் உள்ள வைரஸ்களில்
தீடிர் மாற்றம் ஏற்பட்டு வளர்பவர்களிடம் வைரஸ் தாவுவதை கண்டுள்ளோம். எனவே இந்த திடீர் மரபணு மாற்றத்துக்கு எந்த ஒரு சமூகத்தின் உணவு பழக்கவழக்கங்களை பழிப்பது முறையல்ல.
","ଭୂତାଣୁ ମାନଙ୍କର ନିଜର ପରିବର୍ତନ  ଦ୍ୱାରା କେବେ କୌଣସି ନୂତନ ଭୂତାଣୁ ପଶୁମାନଙ୍କଠାରୁ ମଣିଷକୁ  ଡେଇଁପାରେ, ତାହାର  ପୂର୍ବାନୁମାନ କରିବା ଅତ୍ୟଧିକ କଠିନ ଅଟେ | ଭୂତାଣୁମାନେ ଗୃହପାଳିତ ପଶୁମାନଙ୍କ ଠାରୁ ସେମାନଙ୍କର ଯତ୍ନ ନେଉଥିବା ବ୍ୟକ୍ତିମାନଙ୍କୁ ଡେଇଁବା ଆମେ ପୂର୍ବରୁ ଦେଖିଛୁ  | ତେଣୁ, ଏହି ଭୂତାଣୁ ମ୍ୟୁଟେସନ ପାଇଁ କୌଣସି ସମ୍ପ୍ରଦାୟର ଖାଦ୍ୟ ଅଭ୍ୟାସକୁ ଦାୟୀ କରିବା ଅନୁଚିତ |","ఏదైనా కొత్త వైరస్ జంతువుల నుంచి మానవులకు జంప్ చేయడం ఏవిధంగా జరుగుతోందో ఊహించడం ఎంతో సవాలుతో కూడుకున్న విషయం. పెంపుడు జంతువుల నుంచి తమ సంరక్షకులకు వైరసులు జంప్ చేయడం మనం చూశాం. అందువలన, ఈ వైరస్ ఉత్పరివర్తనం కోసం ఏ సంఘం )కమ్యూనిటీ( యొక్క ఆహారపు అలవాట్లను నిందించడం సముచితం కాదు.","ಯಾವುದೇ ಹೊಸ ವೈರಸ್ ಯಾವಾಗ ಪ್ರಾಣಿಗಳಿಂದ ಮನುಷ್ಯರಿಗೆ ಹರಡಬಲ್ಲ ರೂಪವಾಗಿ ಪರಿವರ್ತಿಸುತ್ತದೆ ಎಂದು ಊಹಿಸುವುದು ಒಂದು ಸವಾಲು. ಈಹಿಂದೆ ವೈರಸ್ ಗಳು ಸಾಕು ಪ್ರಾಣಿಗಳಿಂದ ಮನುಷ್ಯರಿಗೆ ಹರಡಿರುವ ಉದಾಹರಣೆಗಳಿವೆ. ಹೀಗಾಗಿ, ಈ ವೈರಸ್‌ನ ರೂಪಾಂತರಕ್ಕಾಗಿ ಯಾವುದೇ ಸಮುದಾಯದ ಆಹಾರ ಪದ್ಧತಿಯನ್ನು ದೂಷಿಸುವುದು ಸೂಕ್ತವಲ್ಲ.",এয়া কোৱাতো বহুত কঠিন যে কেতিয়া এটা নতুন ভাইৰাছে উৎপৰিৱৰ্তন (mutation) কৰি জীৱ-জন্তুৰ দেহৰ পৰা মানুহৰ দেহত প্ৰৱেশ কৰিব। আগতে আমি এনে বহুতো উদাহৰণ দেখিছোঁ য'ত পোহনীয়া জন্তুৰ পৰাও মানৱদেহত নতুন প্ৰকাৰৰ ভাইৰাছৰ সংক্ৰমণ হৈছিল। গতিকে কোনো গোষ্ঠীৰে খাদ্যাভ্যাসক ইয়াৰ বাবে জগৰীয়া কৰা উচিত নহয়।,"Ka long kaba shitom haduh katta katta ban їathuhlypa lano uno uno u virus ba thymmai un kylla dur ban kynthih na ki mrad sha ki briew. Mynshuwa ngi la їohi їa ki virus ba ki kylla dur bad kynthih na ki mrad ba ri ha їing sha ki trai jong ki. Kumta, kam long kaba dei ban kynnoh ka ka jingkylla dur jong une u virus ka dei na ka rukom bam jong kano kano ka kynhun jaitbynriew.",جانوروں سے انسانوں میں منتقل ہونے کے لیے کسی بھی وائرس کا تغیر کب ہوتا ہے اس بات کی پیشن گوئی کر پانا حیرت انگیزطور پر مشکل ہے۔ایسا ہم نے پہلے بھی دیکھا ہے کہ وائرس میں تغیرہوتا ہےتاکہ وہ جانوروں سے اپنی دیکھ بھال کرنے والوں کی طرف منتقل ہو سکیں۔اس لیے ، ان وائرس میں ہونے والے تغیر کا الزام کسی طبقے کی غذائی عادات کو دیں یہ ٹھیک نہیں ہے۔
Image 17,1,दावा:,दावा:,വാദം:,दावी:,দাবী:,દાવો:,ਦਾਅਵਾ:,கூற்று:,ଦାବି:,ఆరోపణ:,ದಾವೆ:,দাবী :,Ka jingkam ka bym shisha:,دعویٰ :
,2,टाळ्या वाजून ह्या कोरोना विषाणूंचा नाश होतो.,"ताली बजाने से कोरोना विषाणु नष्ट हो जाता है। ",കൈയ്യടിക്കുന്നത് കൊറോണ വൈറസിനെ നശിപ്പിക്കുന്നു,"सबैले एकसाथ थपडी बजाएर कोरोना भाईरस नष्ट गर्न सकिन्छ।",একসাথে করতালির মাধ্যমে করোনা ভাইরাস ধ্বংস করা সম্ভব।,એક સાથે તાળી પાડીને કોરોના વાયરસનો નાશ થાય છે,ਇੱਕ ਨਾਲ ਤਾੜੀਆਂ ਮਾਰਨ ਨਾਲ ਕੋਰੋਨਾਵਾਇਰਸ ਨਸ਼ਟ ਹੁੰਦਾ ਹੈ," கைதட்டுவதால் கொரோனா வைரஸ் அழியும்

","ଏକାଠି ହାତରେ ତାଳି ମାରିବା ପ୍ରକ୍ରିୟା କରୋନାଭାଇରସକୁ ନଷ୍ଟ କରିଦିଏ |
",రెండు చేతుల్తో చప్పట్లు కొట్టడం వల్ల కరోనా వైరస్ నశిస్తుంది.,ಕೈ ಚಪ್ಪಾಳೆ ತಟ್ಟಿ ಕರೋನವೈರಸ್ ಅನ್ನು ನಾಶಮಾಡಬಹುದು,হাত চাপৰিয়ে ভাইৰাছটোক নষ্ট কৰে ।,Ka jingthab kti lang їa ki kti ka pyntroin їa u coronavirus.,: ساتھ میں تالی بجانے سے کورونا وائرس تباہ ہو جاتے ہیں۔
,3,निर्णय:,निर्णय:,ശാസ്ത്രീയ പ്രതികരണം:,निर्णय :,উত্তর:,નિષ્કર્ષ:,ਜਵਾਬ:,தீர்ப்பு:,ନିର୍ଣୟ :,తీర్పు:,ತೀರ್ಪು:,উত্তৰ :,Ka jingshem:,فیصلہ:
,4,खरं नाही.,असत्य / झूठ !,ശരിയല്ല!,सत्य होइन।,সত্য নয়।,સાચું નથી!,ਗਲਤ,உண்மை இல்லை!,ସତ ନୁହେଁ!,ఇది నిజం కాదు!,ನಿಜವಲ್ಲ!,মিছা !,Kam dei kaba shisha!,یہ سچ نہیں ہے۔
,5,,,,,,,,,,,,,,
,6,का?:,क्यों?:,എന്തുകൊണ്ട്?,किन?,কারণ:,શા માટે:,ਕਿਉਂ?,ஏன்:,କାହିଁକି:,ఎందుకు:,ಏಕೆ:,কিয়? :,Balei?,کیوں
,7,विषाणूंना नष्ट करण्यासाठी लागणारी वारंवारिता (फ्रिक्वेन्सी) ही टाळ्यांच्या वारंवारितेपेक्षा (१-१० किलोहर्ट्झ) अत्यंत कमी आहे. केवळ अल्ट्रासोनिक लाटा (> २० किलोहर्ट्झ) बॅक्टेरिया आणि व्हायरसचे नुकसान करण्यामध्ये सक्षम असल्याची माहिती आपणाला आहे. जरी बऱ्याच लोकांनी मिळून टाळ्या वाजविल्या तरी टाळ्यांमधील ऊर्जा ही वाढत्या अंतराप्रमाणे कमी होत जाते. त्यामुळे टाळ्या वाजवण्याचा कोरोनाव्हायरसवर कोणताही परिणाम होत नाही.,"तालियाँ बजाने से जो ध्वनि तरंगें पैदा होती है उनकी फ्रीक्वेंसी (आवृत्ति) 1-10  किलो हर्ट्ज के बीच होती है, जो  सूक्ष्म विषाणुओं को नष्ट करने के लिए पर्याप्त नहीं है। वैज्ञानिक जानकारी के अनुसार, केवल अल्ट्रासोनिक (20  किलो हर्ट्ज से अधिक) ध्वनि तरंगें ही बैक्टीरिया और विषाणु को क्षति पहुंचा सकती हैं। अगर कई लोग भी एक साथ ताली बजाएं तो भी ध्वनि तरंगों की ऊर्जा दूरी बढ़ने के साथ तेजी से कम होती जाती है।  इस कारण तालियों का कोरोना विषाणु पर कोई कुप्रभाव नहीं  पड़ता है।  "," കൈയ്യടി കാരണം ഉണ്ടാകുന്ന ശബ്ദതരംഗങ്ങളുടെ ആവൃത്തി വളരെ കുറവാണ് (1-10 kHz). ഈ ആവൃത്തിയിലുള്ള  തരംഗങ്ങൾക്ക് സൂക്ഷ്മാണുക്കളെ നശിപ്പിക്കാൻ കഴിയില്ല. അൾട്രാസോണിക് തരംഗങ്ങൾ (> 20 kHz) മാത്രമേ ബാക്ടീരിയകൾക്കും വൈറസുകൾക്കും നാശമുണ്ടാക്കൂ. ഒരുപാട് പേര്‍ ചേര്‍ന്ന് കയ്യടിച്ചാലും കുറച്ചു ദൂരത്തിനപ്പുറം ശബ്ദോർജ്ജം ദുർബലമാകും. അതിനാൽ, കൈയ്യടിക്കുന്നതു കൊറോണ വൈറസിനെ  ഒരു തരത്തിലും ബാധിക്കില്ല . 
","थपडी बजाउदा निस्कने आवृत्ति करिब १-१० किलोहर्ज को हुन्छ जसले सुष्मजीवाणुलाई नष्ट गर्न सक्दैन। केवल, अल्ट्रासोनीक तरङ्ग (२० हजार किलोहर्ज भन्दा माथिको ध्वनि) ले भाईरस तथा ब्याक्टेरियालाई नोक्सान गरेको प्रमाणहरु छन्.सबैजना मिलेर थपडी बजाए पनि ध्वनि शक्ति लामो दुरीमा कम्जोर हुन्छन। तसर्थ, सबैजनाले थपडी बजाउँदा कोरोना भाईरसलाई कुनै असर गर्दैन।","আণুবীক্ষণিক জীবাণু ধ্বংস করার জন্য প্রয়োজনীয় কম্পাঙ্কের
তুলনায় হাততালির কম্পাঙ্ক খুবই কম( ১-১০ কিলো হার্ট্‌জ)। কেবল আল্ট্রাসোনিক তরঙ্গই ভাইরাস এবং ব্যাক্টেরিয়ার পক্ষে ক্ষতিকর বলে জানা যায়। এমনকি অনেকে মিলে একত্রিত হয়ে করতালি করলেও  কম্পাঙ্ক তো বাড়েই না, উৎসারিত 
শব্দরূপী শক্তি  দূরত্বের সাথে ক্রমশ হ্রাসও  পায়। তাই, একত্রে করতালি করোনা 
ভাইরাসের উপর কোনো প্রভাব ফেলে না।","સુક્ષ્મસજીવોનો નાશ કરવા માટે તાળીઓના હાથની આવર્તન ખૂબ ઓછી (1-10 કેહર્ટઝ) છે. ફક્ત અલ્ટ્રાસોનિક તરંગો (> 20 હજાર કેહર્ટઝ) બેક્ટેરિયા અને વાયરસને નુકસાન પહોંચાડવા માટે જાણીતા છે. જો ઘણા લોકો સાથે મળીને તાળીઓ પાડે તો પણ અવાજની તાકાત મોટા અંતરે નબળી પડે છે. આમ, કોરોનાવાયરસ પર એક સાથે તાળીઓ મારવાની કોઈ અસર નથી","ਹੱਥਾਂ ਨਾਲ ਤਾੜੀਆਂ ਮਾਰਨ ਦੀ ਬਾਰੰਬਾਰਤਾ ਸੂਖਮ ਜੀਵ-ਜੰਤੂਆਂ ਨੂੰ ਨਸ਼ਟ ਕਰਨ ਲਈ ਬਹੁਤ ਘੱਟ ਹੈ (1-10 kHz). ਸਿਰਫ ਅਲਟਰਾਸੋਨਿਕ ਵੇਵ (> 20kHz) ਬੈਕਟੀਰੀਆ ਅਤੇ ਵਾਇਰਸਾਂ ਨੂੰ ਨੁਕਸਾਨ ਪਹੁੰਚਾਉਣ ਲਈ ਜਾਣੀਆਂ ਜਾਂਦੀਆਂ ਹਨ. ਭਾਵੇਂ ਬਹੁਤ ਸਾਰੇ ਲੋਕ ਮਿਲ ਕੇ ਤਾੜੀਆਂ ਮਾਰਦੇ ਹਨ, ਤਾਂ ਆਵਾਜ਼ ਦੀ energyਰਜਾ ਵਧੇਰੇ ਦੂਰੀ 'ਤੇ ਕਮਜ਼ੋਰ ਹੋ ਜਾਂਦੀ ਹੈ. ਇਸ ਤਰ੍ਹਾਂ, ਕੋਰੋਨਵਾਇਰਸ ਤੇ ਇਕੱਠੇ ਤਾੜੀਆਂ ਮਾਰਨ ਦਾ ਕੋਈ ਪ੍ਰਭਾਵ ਨਹੀਂ ਹੁੰਦਾ","கைகளை தட்டும்போது எழும் ஒலியின் அதிர்வெண் (1-10 kHz) நுண்ணுயிரிகளை அழிக்க போதுமானது அல்ல. மீயொலி (அல்ட்ராசொனிக்) (20kHz) ஒலி அதிர்வுகள் வைரஸ் மற்றும் பாக்டீரியாவை பாதிக்கும் என நாம் அறிவோம். பலர் சேர்ந்து உரக்க கை
தட்டினாலும் கூட தொலைவு செல்ல செல்ல ஒலியாற்றல் மங்கிவிடும். கொரோன வைரசை ஒழிக்க ஒன்று சேர்ந்து கை தட்டுவதில் எந்த பயனும் இல்லை.","ହାତରେ ତାଳି ମାରିବାର ଫ୍ରିକ୍ୱେନ୍ସି (1-10 kHz), ଯାହାକି ଅତ୍ୟଧିକ କମ୍, ଅଣୁଜୀବମାନଙ୍କୁ ନଷ୍ଟ କରିପାରିବ ନାହିଁ | କେବଳ ଅଲଟ୍ରାସୋନିକ୍ ତରଙ୍ଗ (> 20kHz) ଜୀବାଣୁ ଏବଂ ଭୂତାଣୁମାନଙ୍କର କ୍ଷତି ଘଟାଉଥିବା ଜଣା ପଡିଛି | ଅନେକ ଲୋକ ଏକାଠି ହାତରେ ତାଳି ମାରିବା ସତ୍ତ୍ୱେ ଧ୍ୱନି ଶକ୍ତି ଅଧିକ ଦୂରତାରେ ଦୁର୍ବଳ ହୋଇଯାଏ | ସୁତରାଂ, କରୋନାଭାଇରସ୍ ଉପରେ ତାଳି ମାରିବାର କୌଣସି  ପ୍ରଭାବ ନାହିଁ |","చేతులు చప్పట్లు కొట్టే తరచుదనం )ఫ్రీక్వెన్సీ( చాలా తక్కువ (1-10 kHz)। సూక్ష్మజీవులను నాశనం చేయడానికి కేవలం అల్ట్రాసోనిక్ తరంగాలు (> 20kHz) మాత్రమే పనిచేస్తాయి. చాలా మంది చేతులు కలిపి చప్పట్లు కొట్టినా ధ్వని శక్తి ఎక్కువ దూరంలో బలహీనమవుతుంది. అందువలన, కరోన వైరస్ మీద చేతులు కలిపి చప్పట్లు కొట్టినా ప్రభావం ఉండదు.","ಚಪ್ಪಾಳೆ ತಟ್ಟುವಾಗ ಉದ್ಭವಿಸುವ ಆವರ್ತನವು ಸೂಕ್ಷ್ಮಜೀವಿಗಳನ್ನು ನಾಶಮಾಡಲು ತುಂಬಾ ಕಡಿಮೆ (1-10 ಕಿಲೋಹರ್ಟಸ್) . ಅಲ್ಟ್ರಾಸಾನಿಕ್ ತರಂಗಗಳು (> 20kHz) ಮಾತ್ರ ಬ್ಯಾಕ್ಟೀರಿಯಾ ಮತ್ತು ವೈರಸ್‌ಗಳಿಗೆ ಹಾನಿಯನ್ನುಂಟುಮಾಡುತ್ತವೆ. ಅನೇಕ ಜನರು ಒಟ್ಟಿಗೆ ಚಪ್ಪಾಳೆ ತಟ್ಟಿದರೂ, ಧ್ವನಿ ಶಕ್ತಿಯು ಅಂತರದಲ್ಲಿ ದುರ್ಬಲಗೊಳ್ಳುತ್ತದೆ. ಹೀಗಾಗಿ, ಕರೋನವೈರಸ್ ಮೇಲೆ ಕೈ ಚಪ್ಪಾಳೆ ಪರಿಣಾಮ ಬೀರುವುದಿಲ್ಲ.","হাত চাপৰিৰ কম্পনাংক বহুত কম (১-১০Hz) যিয়ে বীজাণু ধ্বংস কৰিব নোৱাৰে। জনামতে মাত্ৰ অতিশব্দ্ইহে (>২০Hz) বেক্টেৰিয়া আৰু ভাইৰাছ নষ্ট কৰিব পাৰে। তাৰোপৰি যদিহে বহুতো মানুহ লগ হৈ একেলগে হাত চাপৰি বজায়, তথাপিও দূৰত্বৰ সৈতে শব্দৰ শক্তি কমি যায়। গতিকে হাত চাপৰিৰ COVID-19 ত কোনো প্ৰভাৱ নাই।","Ka frequency jong ka jingthab kti ka long kaba suki bha (1-10 kHz) ban pynїap їa kino kino ki phngit ba don jingim. Tang ka ultrasonic waves (> 20kHz) kaba lah ban pynїap їa ki bacteria bad ki virus. Watla shibun ki briew ki їathab kti lang ha kajuh ka por, ka bor jong ka jingsawa ka nang duna katba dang jngai. Kumta, ka jingthab kti lang ha kajuh ka por kam don jingktah eiei їa u coronavirus.",تالی بجانے سے پیدا ہونے والی آواز کی فریکوئنسی جو  خوردبینی جاندار کو تباہ و برباد کر دیں وہ بہت کم ہے۔(  ١-١٠کےایچ زیڈ) صرف الٹراسونک لہر ہی بیکٹریا اور وارئریسس کو نقصان پہنچا سکتی ہے(>٢٠کےایچ زیڈ)۔  یہاں تک کہ اگر بہت سارے لوگ مل کر تالیاں بجائیں، تب بھی آوازِتوانائی زیادہ فاصلے پر کمزور ہو جاتی ہے۔  اس لیے ، کورونا وائرس پر تالی بجانے کا کوئی اثر نہیں ہوگا۔
Image 18,1,दावा:,दावा:,വാദം:,दावी:,দাবী:,દાવો:,ਦਾਅਵਾ:,கூற்று:,ଦାବି:,ఆరోపణ:,ದಾವೆ:,দাবী :,Ka jingkam ka bym shisha:,دعویٰ :
,2,माशांमुळे ह्या कोरोना विषाणूंचा प्रसार होतो.,"कोरोना विषाणु मक्खियों द्वारा फैलता है।  
",നോവൽ കൊറോണ വൈറസ്  ഈച്ചകളിലൂടെ വ്യാപിക്കുന്നു.,"झिंगाले कोरोना भाईरस फ़ैलाउछ।",এই নভেল করোনা ভাইরাস মাছির মাধ্যমে ছড়িয়ে পড়ে।,નવલ કોરોનાવાયરસ માખીઓથી ફેલાય છે.,ਨਾਵਲ ਕੋਰੋਨਾਵਾਇਰਸ ਮੱਖੀ ਦੁਆਰਾ ਫੈਲਦਾ ਹੈ.,ஈ போன்ற பூச்சிகளால் கொரோனா வைரஸ் பரவும்,"ନୋଭେଲ କରୋନା ଭାଇରସ୍ ମାଛି ମାଧ୍ୟମରେ ବ୍ୟାପିଥାଏ |
",కొత్త కరోనా వైరస్ ఈగల ద్వారా వ్యాపిస్తుంది.,ಕರೋನವೈರಸ್ ನೊಣಗಳ ಮೂಲಕ ಹರಡುತ್ತದೆ.,নতুন কৰ'ণা ভাইৰাছ মাখিৰ দ্বাৰা বিয়পে।,U novel coronavirus u saphriang lyngba ki skaiñ ha їing.,نیا کورونا وائرس مکھیوں سےپھیلتا ہے۔
,3,निर्णय:,निर्णय:,ശാസ്ത്രീയ പ്രതികരണം:,निर्णय :,উত্তর:,નિષ્કર્ષ:,ਜਵਾਬ:,,ନିର୍ଣୟ :,తీర్పు:,ತೀರ್ಪು:,উত্তৰ :,Ka jingshem:,فیصلہ:
,4,खरं नाही.,असत्य / झूठ !,ശരിയല്ല!,सत्य होइन।,সত্য নয়।,સાચું નથી!,ਗਲਤ!,உண்மை இல்லை!,ସତ ନୁହେଁ!,ఇది నిజం కాదు!,ನಿಜವಲ್ಲ!,মিছা !,Kam dei kaba shisha!,یہ سچ نہیں ہے۔
,5,,,,,,,,,,,,,,
,6,का?:,क्यों?:,എന്തുകൊണ്ട്?,किन?,কারণ:,શા માટે:,ਕਿਉਂ:,ஏன்:,କାହିଁକି:,ఎందుకు:,ಏಕೆ:,কিয়? :,Balei?,کیوں
,7,हे कोरोना विषाणू श्वासनलिकेमार्फत आपल्या शरीरात शिरतात. जरी एखाद्या माशीने हे विषाणू आपल्या त्वचेपर्यंत आणले तरीही ते त्वचेतून शरीरात शिरण्याची शक्यता फार कमी आहे.,"कोरोना विषाणु मानव शरीर में श्वसन मार्ग से प्रवेश करता है। यदि कोई मक्खी इस विषाणु को किसी संक्रमित व्यक्ति के मलमूत्र से आप की त्वचा तक पहुँचा भी दे, तो भी विषाणु का आपकी त्वचा के माध्यम से प्रवेश कर पाने की संभावना ना के बराबर है।  

अभी तक मक्खियों द्वारा कोरोना विषाणु के फैलाये जाने का कोई भी मामला सामने नहीं आया है।  ","നോവൽ കൊറോണ വൈറസ് ശ്വസന മാർഗത്തിലൂടെയാണ് ശരീരത്തിൽ പ്രവേശിക്കുന്നത്. രോഗം ബാധിച്ച രോഗിയുടെ മലമൂത്ര വിസർജ്ജനത്തിൽ വന്നിരിക്കുന്ന ഈച്ച വൈറസിനെ നിങ്ങളുടെ ചർമ്മം അടക്കം മറ്റു സ്ഥലങ്ങളിലേക്ക്  പകർത്താമെങ്കിലും, വൈറസ് ചർമ്മത്തിലൂടെ പ്രവേശിക്കാൻ സാധ്യതയില്ല.

ഇതുവരെ, ഈച്ചകളിലൂടെ കൊറോണ വൈറസ് പകരുന്ന കേസുകളൊന്നും റിപ്പോർട്ട് ചെയ്തിട്ടില്ല.","नोबेल कोरोना भाईरस हाम्रो शरीरमा हाम्रो स्वासप्रस्वास प्रणाली मार्फत छिर्दछ। त्यसैले, यदि झिंगाले बिरामीबाट भाईरस भोकेरा तपाइको छालामा ल्याएपनि उक्त भाईरस छालाबाट भित्र छिर्ने सम्भावना निकै कम छ। अहिले सम्म झिंगाको कारणले कोरोना भाईरस सरेको कुनै प्रमाण भेटिएको छैन।","এই ভাইরাসটি দেহে শ্বাসনালীর মাধ্যমে প্রবেশ করে। তাই যদিওবা একটি মাছি 
একজন আক্রান্ত রোগীর মল বা থুতু থেকে ভাইরাসটি বহন করে আপনার চামড়ায় এসে বসে, চামড়ার উপর থেকে দেহের ভেতরে যাওয়ার সম্ভাবনা নেই বললেই চলে।","આ નવલ કોરોનાવાયરસ શ્વસન માર્ગ દ્વારા શરીરમાં પ્રવેશ કરે છે. આમ, જો કોઈ માખી તમારા ચેપગ્રસ્ત દર્દીના વિસર્જનમાંથી વાયરસને તમારી ત્વચામાં સ્થાનાંતરિત કરે છે, તો પણ વાયરસ ત્વચા દ્વારા પ્રવેશ મેળવવાની શક્યતા નથી.
હજી સુધી, માખીઓ દ્વારા કોરોનાવાયરસ ટ્રાન્સમિશનના કોઈ કેસ નોંધાયા નથી.
","
ਇਹ ਨਾਵਲ ਕੋਰੋਨਾਵਾਇਰਸ ਸਾਹ ਦੇ ਰਸਤੇ ਰਾਹੀਂ ਸਰੀਰ ਵਿਚ ਦਾਖਲ ਹੁੰਦਾ ਹੈ. ਇਸ ਤਰ੍ਹਾਂ, ਭਾਵੇਂ ਇਕ ਮੱਖੀ ਇਕ ਲਾਗ ਵਾਲੇ ਰੋਗੀ ਦੇ ਨਿਕਾਸ ਵਿਚੋਂ ਵਾਇਰਸ ਨੂੰ ਤੁਹਾਡੀ ਚਮੜੀ ਵਿਚ ਤਬਦੀਲ ਕਰ ਦੇਵੇ, ਫਿਰ ਵੀ ਵਾਇਰਸ ਚਮੜੀ ਵਿਚ ਦਾਖਲਾ ਹੋਣ ਦੀ ਸੰਭਾਵਨਾ ਨਹੀਂ ਹੈ.
ਹੁਣ ਤੱਕ, ਮੱਖੀਆਂ ਦੁਆਰਾ ਕੋਰੋਨਾਵਾਇਰਸ ਸੰਚਾਰਣ ਦੇ ਕੋਈ ਕੇਸ ਸਾਹਮਣੇ ਨਹੀਂ ਆਏ ਹਨ.
","சுவாச பாதை வழி தான் நாவல் கொரோனா வைரஸ் உடலுக்குள் நுழைகிறது. நோய் தொற்று உள்ளவரின் கழிவிலிருந்து கிருமியை ஏந்தி ஈ உங்கள் தோலில் கொண்டு சேர்த்தாலும், தோல் வழியே வைரஸ் உடலுக்குள் செல்ல முடியாது. மேலும் இதுவரை ஈக்கள் வழியே கொரோனா வைரஸ் பரவியதற்கு எந்த தரவுகளும் இல்லை.","ଏହି ନୋଭେଲ କରୋନାଭାଇରସ୍ ଶ୍ୱାସନଳୀ ମାର୍ଗ ଦେଇ ଶରୀରରେ ପ୍ରବେଶ କରେ | ତେଣୁ,  ଯଦିଓ ଏକ ମାଛି ଗୋଟିଏ  ସଂକ୍ରମିତ ରୋଗୀର ନିର୍ଗତ ସ୍ଥାନରୁ ଆପଣଙ୍କ ଚର୍ମକୁ ଭୂତାଣୁ ସ୍ଥାନାନ୍ତର କରେ, ତଥାପି ଏହି  ଭୂତାଣୁ ଚର୍ମ ମାଧ୍ୟମରେ ଶରୀର ରେ ପ୍ରବେଶ କରିବାର କୌଣସି ସମ୍ଭାବନା ନାହିଁ |","ఈ కొత్త కరోనా వైరస్ శ్వాసనాళాల ద్వారా శరీరంలోకి ప్రవేశిస్తుంది. అందువలన, ఈగ ఒక వ్యాధి సోకిన రోగి యొక్క విసర్జకం నుండి వైరస్ ను మీ చర్మం పై బదిలీ చేసినప్పటికీ , ఆ వైరస్ చర్మం ద్వారా శరీరంలోకి ప్రవేశించే అవకాశం చాల తక్కువ. ఇప్పటి వరకు ఈగల ద్వారా ఏ కేసులోనూ కరోనా వ్యాధి సోకినట్టు ఆధారాలు లేవు.","ಈ ಹೊಸಬಗೆಯ ಕರೋನವೈರಸ್ ಉಸಿರಾಟದ ಮೂಲಕ ದೇಹವನ್ನು ಪ್ರವೇಶಿಸುತ್ತದೆ. ಹೀಗಾಗಿ, ಒಂದು ನೊಣ ಸೋಂಕಿತ ರೋಗಿಯ ಮಲದಿಂದ ನಿಮ್ಮ ಚರ್ಮಕ್ಕೆ ವೈರಸ್ ಅನ್ನು ವರ್ಗಾಯಿಸಿದರೂ ಸಹ, ವೈರಸ್ ಚರ್ಮದ ಮೂಲಕ ಪ್ರವೇಶವನ್ನು ಪಡೆಯುವ ಸಾಧ್ಯತೆಯಿಲ್ಲ. ಇಲ್ಲಿಯವರೆಗೆ, ನೊಣಗಳ ಮೂಲಕ ಕರೋನವೈರಸ್ ಹರಡುವ ಯಾವುದೇ ಪ್ರಕರಣಗಳು ವರದಿಯಾಗಿಲ್ಲ.","নতুন কৰ'ণা ভাইৰাছে মানুহৰ দেহত শ্বাসনলীৰ দ্বাৰা প্ৰৱেশ কৰে। গতিকে যদিহে কোনো মাখিয়ে কৰ'ণা ভাইৰাছ আক্ৰান্ত ৰোগীৰ মল-মূত্ৰৰ পৰা ভাইৰাছবিধ আনি আপোনাৰ ছালত থয়, তথাপিও ভাইৰাছটো আপোনাৰ দেহত ছালৰ জৰিয়তে প্ৰৱেশ কৰিব তাৰ সম্ভাৱনা নোহোৱা বুলি ক'লেও চলে। এতিয়ালৈকে মাখিৰ দ্বাৰা সংক্ৰমিত হোৱাৰ কোনো অভিযোগ (চৰকাৰী) পোৱা হোৱা নাই।
","Une u novel coronavirus u rung ha ka met lyngba ka lynti ring bad pynhiar mynsiem. Kumta, wat la ki skaiñ ki rah їa u virus na ka jingleit shabar ne ka jakhlia jong u nongpang sha ka snieh doh jong phi, hynrei u virus un ym rung lyngba ka snieh doh.  Haduh mynta, ym pat jingpyntip ba la rah їa u coronavirus lyngba ki skaiñ.",یہ نیا کورونا وائرس سانس لینے کی نالی کے ذریعے جسم میں داخل ہوتا ہے۔ اس لیے اگر ایک مکھی وائرس کو کسی بیمار مریض کے فضلے کے ذریعےآپ کے جلد میں منتقل کر دیتی ہے تب بھی یہ ضروری نہیں ہے کہ وہ وائرس جلد کے ذریعے اندر داخل ہو جائے۔